R_bin_kpc,absZ_bin_kpc,phi_bin_deg,n,age_median_gyr,old_fraction_gt8,FeH_median,aFe_median,ecc_median,zmax_median_kpc,radial_excursion_median_kpc,Vr_median_kms,Vphi_median_kms,Vz_median_kms,Vr_sigma_kms,Vphi_sigma_kms,Vz_sigma_kms,age_median_gyr_anom,old_fraction_gt8_anom,FeH_median_anom,aFe_median_anom,ecc_median_anom,zmax_median_kpc_anom,radial_excursion_median_kpc_anom,Vr_median_kms_anom,Vphi_median_kms_anom,Vz_median_kms_anom,age_median_gyr_anom_z,old_fraction_gt8_anom_z,FeH_median_anom_z,aFe_median_anom_z,Vr_median_kms_anom_z,Vphi_median_kms_anom_z,Vz_median_kms_anom_z,history_anomaly_strength,kinematic_anomaly_strength,candidate_score
6.5,1.5,225.0,24,6.284088367896164,0.2916666666666667,-1.718852271941408,0.36668089355872563,0.4509108352375718,2.736004913385475,4.297362078026238,-48.0782792116366,96.47132914962373,-108.98716447362932,66.4358923262135,48.864259488795305,48.963679336430374,-3.2356776122629114,-0.3901515151515151,-0.3165205424197355,-0.04668088239563922,0.0,0.8519542615648155,-0.33136022892550976,0.0,204.50136889650403,-99.57363766133061,-3.444594221879169,-3.281440753892437,-1.5362378783318114,-1.996355467884684,0.0,5.643726884590075,-7.881432534888622,5.383172368379451,9.693741896184655,52.183083521743455
8.0,1.75,165.0,29,11.13996649908853,0.7241379310344828,-1.4948882270652277,0.41168989411841905,0.6686262328872999,2.27151158477186,7.08805877900434,38.96260575788577,-7.557020604942062,14.92193746682116,153.10106008433377,109.5415978497963,81.93178900205623,3.7187348803147273,0.3010610079575597,-0.8629699095374801,0.07379614625360642,0.3310269005255032,0.3898951431811821,1.6380859573086592,17.135429163750906,128.7168910921091,20.37992370365993,3.958840841524421,2.5321287309014187,-4.188439248704487,3.155967336555049,0.8746683649927133,3.5522646262824478,1.613107620742785,7.041821489349811,3.998217717928209,28.154735445206022
6.5,1.0,195.0,33,6.870280677698833,0.30303030303030304,-1.7073491420115743,0.38553166482378903,0.7242610067969453,1.1337034462878308,6.071643542891916,-102.5614282538996,57.66994645781232,-47.11204717521486,73.0752944341744,56.553379415870474,9.689010892868698,-2.0409894840105647,-0.27705627705627706,-0.20522150741432332,-0.01136490897020842,0.18357977849666607,-0.17983088886840437,0.9235088784241192,-69.74719485187643,99.64766189636927,-19.00292319974329,-2.1727691772797333,-2.330232546453437,-0.9960461040792741,-0.4860319042899401,-3.560206417997,2.7500265228820933,-1.504115553896348,3.3733135744734617,4.743424840215656,16.001059402994084
6.5,1.0,180.0,21,10.952259645719963,0.8571428571428571,-1.2969061271829279,0.4082614827642059,0.35710144980361314,1.4933652240246396,4.224625786043677,36.93296144985325,-141.62537733492624,-9.106200775728283,121.1951462107878,114.14286057017742,80.07788059907914,2.0409894840105647,0.277056277056277,0.2052215074143231,0.01136490897020842,-0.18357977849666607,0.17983088886840437,-0.9235088784241201,69.74719485187643,-99.64766189636929,19.00292319974329,2.1727691772797333,2.3302325464534364,0.996046104079273,0.4860319042899401,3.560206417997,-2.7500265228820937,1.504115553896348,3.3733135744734613,4.743424840215656,16.00105940299408
10.0,1.75,150.0,36,7.33253293935911,0.4166666666666667,-0.5000748898612251,0.2876067288214601,0.23275830307686612,1.9153939291697355,4.463874952988458,-19.54718594918734,-181.528445719413,-13.450699555244675,77.57338576679444,92.09202902506995,28.304884112423867,-1.3222337474891006,-0.1485507246376811,0.7308749041374896,-0.02089386377327923,-0.45467695937785096,0.0,-3.90438570760418,-20.934766849845616,-128.99925928588493,0.0,-1.4076058471688435,-1.2494130688100369,3.547313875663746,-0.8935473591844585,-1.068603424931663,-3.560057283002376,0.0,4.113909315125857,3.7169774196292797,15.291308030725364
4.5,1.5,165.0,20,8.379520095292165,0.65,-1.7508343703906775,0.3164412895396529,0.5808497173626659,2.6540090226870827,4.987884153125975,-148.88001946161302,-104.30446825352259,-57.0355469282122,113.72389282658787,71.02411417766304,43.72479447706346,0.030067668762733035,0.015476190476190532,-0.3188889899616971,-0.026290316570368732,0.033724387112602505,0.5427893891224622,0.8716015482491226,-130.77165342547488,0.9689919846583877,-54.21560575680205,0.03200903504507465,0.1301653336495479,-1.5477331790759201,-1.1243321579237733,-6.675165658005378,0.02674175798567148,-4.291262719191538,1.9176987217398351,7.935583621168496,15.218058566574395
6.5,1.25,210.0,42,8.169543193530615,0.5238095238095238,-1.8298100893421685,0.39969488177103896,0.5675980110912464,1.9132034308253358,5.046127222337858,-73.25963916213698,82.1881659015621,-83.02191308644692,29.529580648417255,63.4961097619571,24.865931558546173,-1.351861985727382,-0.12380952380952381,-0.3270384640842374,-0.0006967612829369418,0.027063755497763964,0.16622768645145825,-0.036713526757684356,-39.62979134272453,96.03436883066277,-47.83371333577493,-1.4391470791671293,-1.0413226691963795,-1.5872867914254443,-0.02979770573341716,-2.0228804582304147,2.6503086612028834,-3.786124454259236,2.382407286413935,5.044890457787693,12.018983785793532
6.5,1.25,180.0,35,10.873267164985377,0.7714285714285715,-1.1757331611736936,0.4010884043369129,0.5134705000957186,1.5807480579224196,5.119554275853226,5.999943523312081,-109.88057175976343,12.64551358510294,114.53185882910438,126.29524369205417,75.72805450556594,1.3518619857273801,0.12380952380952381,0.3270384640842374,0.0006967612829369974,-0.027063755497763853,-0.16622768645145802,0.036713526757684356,39.62979134272453,-96.03436883066277,47.833713335774924,1.4391470791671273,1.0413226691963795,1.5872867914254443,0.029797705733419538,2.0228804582304147,-2.6503086612028834,3.7861244542592356,2.3824072864139336,5.044890457787692,12.018983785793523
5.5,0.75,180.0,46,10.478699980234138,0.8043478260869565,-0.778654437640445,0.40825550946827427,0.3653782975499372,1.4310015071141826,3.6303798775571416,46.38555777846588,-184.88964431509623,4.700288160589585,104.61738929969023,99.6021492142858,80.56780205147537,1.7689271854122417,0.2626811594202899,0.0,0.040505114000030484,0.04730374536138943,0.30053354074050875,0.5610221862112317,67.98901480599946,0.0,0.11584522282628207,1.8831407488506275,2.2093279875299445,0.0,1.732242444046157,3.470461104273361,0.0,0.009169357770174694,3.3805344431642492,3.470473217501641,11.732054245843349
9.0,1.25,180.0,20,10.564490719856629,0.85,-1.4488319296399732,0.4035813884881988,0.46275711525357094,1.5195428316206077,7.639124371826323,15.284379305517383,-126.27207315375124,11.260547735622637,96.35419952955624,93.82518520641482,83.13020502497734,3.861158637342184,0.5891304347826087,-0.033029847561308445,0.0036159610875691195,-0.13857066896954945,-0.08681232210399892,-0.03188929886023395,0.0,-64.0894728706388,3.958085642023934,4.110460412230663,4.95498938996371,-0.16031093132628166,0.15464025781786017,0.0,-1.768709339262588,0.313289598407809,6.441848947251797,1.7962413811248275,11.571115650009084
9.0,2.0,165.0,20,8.191747867257199,0.5,-1.1681188786118293,0.253592657061145,0.6953569009491274,2.030234879535511,8.372167333324391,-15.821061736707371,-15.487377148081979,-1.734108995264349,132.37886118026145,124.96370842808493,58.28564279980076,0.012027760180393088,-0.018292682926829285,-0.06255676043843561,-0.08756811653185631,0.1084534432723454,0.02383317825065623,1.1482047160940922,7.266798928042551,79.57670171108626,13.494550192912856,0.012804351416998948,-0.1538539590979643,-0.30362030911666227,-3.7449396686439966,0.3709296730406755,2.1961181641828125,1.0681179218926373,3.760398038244998,2.470101153488252,9.28856353184393
8.5,2.0,210.0,26,7.909161213788394,0.4230769230769231,-0.6039901747245355,0.33507896627859807,0.39836788765453934,1.9742233415739814,5.383012260106161,-9.58850446268879,-142.12018299011658,-8.064735254457185,64.8872040619344,83.68570776967348,45.646252978887254,-1.1319304048952255,-0.22540792540792537,0.7844954039117256,-0.0639702169358653,-0.1603305614562851,-0.3345638613332378,-1.9075685024961953,8.749543471438093,-53.8736823595611,5.495940359199027,-1.2050152702155636,-1.8958346282383787,3.807561890464088,-2.735751464150003,0.44661553611886384,-1.4867790428258536,0.4350135655797215,5.198857024615486,1.6122078530782824,8.38163812211628
8.5,1.25,195.0,52,7.8059743172897225,0.46153846153846156,-0.8228572455641683,0.3544840267899846,0.3269289883368447,1.5172879539968933,4.525720760496453,8.495314125735018,-157.13303967953362,1.6099682763515368,122.26764674050763,98.02524888347939,50.49018671416753,-1.3166863378443292,-0.10256410256410253,0.5268482295341015,-0.03899741868411477,-0.26250349277633456,-0.06818964534844318,-2.318673319826763,17.811474415260086,-72.32034441592319,4.963914434034736,-1.401700260303095,-0.8626341638313201,2.5570669131138017,-1.6677643186687834,0.9091767154488266,-1.9958608310809056,0.3929027565897386,3.468274836443736,2.2281012842986057,7.727667617380825
8.5,1.25,165.0,30,10.439346992978383,0.6666666666666666,-1.550321639939741,0.40980291643510935,0.7779395001222265,1.9766642927575397,9.430472396828863,-23.173002142815818,17.083098836933917,-28.903327533082077,161.96988186995537,94.48651863074673,86.61158404677818,1.316686337844331,0.10256410256410253,-0.20061616484147127,0.01632147096101,0.1885070190090472,0.39118669341220325,2.586078316505647,-13.85684185329075,101.89579410054435,-25.549381375398877,1.401700260303097,0.8626341638313201,-0.973693994958573,0.698004324784941,-0.7073147157247708,2.8120693553055616,-2.0222794943299176,2.03572870333441,3.5352004920961297,7.196709113802022
8.5,1.75,210.0,36,7.35250576489371,0.3611111111111111,-0.6265513236579326,0.3461697295108568,0.4248137907245536,1.7540560839621424,5.392303671595694,-25.20966137722863,-134.06072039544404,-16.686530939505225,98.34670041373728,92.58211235355348,51.675850633991026,-0.9867416969417686,-0.2077546296296296,0.641839966368685,-0.02233066205779982,-0.10622604323769136,-0.28929761278329824,-1.1404828356133683,-1.8638242059330317,-36.49102236172388,-19.76841254623151,-1.0504522251819093,-1.7473583518232514,3.1151812789933793,-0.9549935008241882,-0.09513786058454539,-1.0070610532356163,-1.5647054126403142,3.8435762090380567,1.863203211087435,7.161363534738978
10.0,2.0,135.0,23,7.738925803827855,0.43478260869565216,-0.538411357971024,0.2929990746752763,0.3388758572043935,1.9807109766652455,5.567459464379727,-24.542963740639443,-159.36643662887823,-6.593429499389257,75.08748879028518,79.86590191231795,41.43940333863157,-0.8358481896096217,-0.10521739130434787,0.46877859973305813,-0.021482407939035664,-0.1887064621635569,-0.03612887984058788,-1.3486957478026964,-26.637025734268494,-78.98822718505185,-0.5344551972995335,-0.8898160414330933,-0.8849501345913049,2.275224969462734,-0.9187170497109007,-1.359672029490124,-2.179877737424801,-0.04230309024928488,2.756011430927134,2.5695066704219123,7.08158975552631
9.5,2.0,165.0,21,9.398342811740186,0.6190476190476191,-1.667677490984259,0.42672675791018594,0.6657399520523511,2.452890069015357,9.393978509223004,29.899777735785424,-55.14336807590907,19.076513261306292,114.44313234573207,103.77469271445048,62.068366955536064,0.031628185613577386,0.0,-0.6201735682772394,0.09454653453689149,0.007314894026124175,0.32549848398887704,0.45083713306023654,0.3671310757702173,0.0,17.59990310639594,0.03367030911860765,0.0,-3.0100230444578266,4.043378820317752,0.0187399997229868,0.0,1.3930639897421886,5.04086150399686,1.39319003266103,7.022878003393114
9.0,1.75,165.0,20,10.62678985422448,0.75,-1.5239950085221192,0.39914585659705404,0.6983432680125279,1.9470045099136861,8.970732853553246,-15.079702014976334,-47.55819300527309,8.267611404686345,152.50415557816552,106.01087733992115,82.24369742649962,2.1833472968097283,0.1920677361853833,-0.4283555003332413,0.0513065157631315,0.12097753719238358,0.02884619275821909,1.61626638833474,-13.2501408217366,44.66108655359361,10.186717317413613,2.3243185459649567,1.6154208622817143,-2.0790307636054064,2.1941753888398563,-0.6763460020592007,1.2325344140120789,0.8062969996360393,4.141112871972926,1.6207096741389688,6.711541693307931
8.0,1.5,210.0,35,6.310947590394203,0.2571428571428571,-0.6876052109650382,0.35766366676090755,0.36886610764709826,1.754345704623957,5.1107733087352205,-7.5556723480369525,-140.56979588052627,-11.696921749368894,79.80191379703011,96.39308408882997,63.326117665807416,-2.4910689333631915,-0.3114285714285714,0.4087677282371832,-0.014944941566861325,-0.0766876885150542,0.03134210051204689,-0.9985698636044571,-20.964487506829006,-36.08212108258046,-6.0313013019262955,-2.6519087135397648,-2.6193270217478157,1.9839611759696338,-0.6391356436100237,-1.0701204991876823,-0.995776399471695,-0.47738834720887496,4.270607707398799,1.5377347477953824,6.567061865869909
8.0,1.5,165.0,25,11.293085457120585,0.88,-1.5051406674394048,0.3875535498946302,0.5222414846772067,1.691661503599863,7.107913035944135,34.37330266562106,-68.40555371536536,0.365680854483698,130.7767046000284,99.16414631681468,67.30898358703655,2.4910689333631897,0.3114285714285715,-0.4087677282371833,0.014944941566861325,0.0766876885150542,-0.03134210051204711,0.9985698636044571,20.96448750682901,36.08212108258046,6.031301301926296,2.6519087135397625,2.6193270217478166,-1.9839611759696343,0.6391356436100237,1.0701204991876825,0.995776399471695,0.4773883472088751,4.270607707398798,1.5377347477953827,6.567061865869908
10.0,2.0,165.0,23,8.65241965818452,0.6086956521739131,-1.4860270424570217,0.35960755971705316,0.8139856503115512,2.0854768068780807,9.691833036059096,0.2356652355134763,-13.40512169703917,6.628998700826483,145.49649165069832,54.14943164390291,62.704548532463534,0.0776456647470436,0.06869565217391305,-0.4788370847529395,0.04512607710274119,0.2864033309436008,0.06863695037224726,2.7756778238766726,-1.8583967581155734,66.9730877467872,12.687973002916205,0.0826589791047148,0.5777773606009343,-2.3240439989261796,1.929862636372506,-0.09486081955667186,1.8482899058335576,1.0042758864257804,3.0767205738352392,2.1056457933730144,6.478483733680378
8.5,1.25,210.0,20,6.697817885406236,0.3,-1.409212670480467,0.37715997451308936,0.5270201306783653,1.65366724469378,6.660824263483651,-43.467709892278975,-96.52389833835926,-2.5472539357860837,122.44322961042252,90.1521181842691,63.96634197921493,-2.4248427697278157,-0.2641025641025641,-0.05950719538219729,-0.01632147096101,-0.06241235043481397,0.0681896453484434,-0.1835698168395652,-34.1515496027539,-11.711203074748823,0.8066922218971158,-2.581406553580726,-2.2212829718656497,-0.2888191928415049,-0.698004324784941,-1.7432466830885924,-0.3231999472693201,0.06385114044869934,3.4883211434072283,1.774103765891632,6.188643677158168
5.5,2.0,150.0,26,9.785841006636367,0.6923076923076923,-1.4891917233360532,0.38657209423475625,0.40435158928883663,2.4140910757596776,4.382109918875749,-49.70332582585314,-128.46285737801514,-0.11658633918167016,111.50202090433667,95.50654334588023,105.00004605762399,0.0,0.0,-0.5187973179794909,0.0,0.0,0.030384005724907404,0.0,-45.96417772165995,0.0,0.0,0.0,0.0,-2.5179916758772536,0.0,-2.3462156559864282,0.0,0.0,2.5179916758772536,2.3462156559864282,5.907751491586716
9.0,2.0,210.0,41,8.167692346896413,0.5365853658536586,-0.5904197542237855,0.35206007770458364,0.40694713663079124,1.9825685230341985,5.466146377295043,13.834943884852407,-139.91007682584308,-17.300903362415724,85.4465783373285,77.46868152766805,41.09229627231863,-0.012027760180393088,0.018292682926829285,0.5151423639496082,0.010899304111582353,-0.17995632104599074,-0.02383317825065645,-1.7578162399352557,36.92280454960233,-44.845997966674844,-2.07224417423852,-0.012804351416998948,0.1538539590979643,2.5002522938411222,0.4661198384143675,1.8847038365788347,-1.2376375070569094,-0.1640218539632554,2.5480118188043317,2.260698635171562,5.760286841171962
8.0,0.5,195.0,20,7.734428065155049,0.4,-0.6882783251424862,0.35811059780443133,0.23775400977670058,0.9431540248697783,3.5778615940625995,10.350464200289375,-209.52158147527734,-1.698535798683881,108.15965971602282,117.27672794892186,50.57917622002227,-2.2358898799794016,-0.21935483870967742,0.3227343214236622,-0.03905571937943442,-0.08442248009602643,-0.07135476168625088,-1.4409642457717595,-13.583063768965756,-45.9370124313009,4.080960722715583,-2.380253623582991,-1.844924034258598,1.566396561242055,-1.670257607268095,-0.693339867058946,-1.2677467806461875,0.3230153820734018,3.783214329967687,1.48062183157892,5.601509730492373
8.0,0.5,180.0,31,12.206207825113852,0.8387096774193549,-1.3337469679898106,0.4362220365633001,0.40659896996875344,1.08586354824228,6.459790085606119,37.51659173822089,-117.64755661267557,-9.860457244115045,128.95060984826944,111.7183749096087,58.12315953737274,2.2358898799794016,0.21935483870967742,-0.3227343214236622,0.03905571937943436,0.08442248009602643,0.07135476168625088,1.4409642457717595,13.583063768965758,45.93701243130087,-4.080960722715582,2.380253623582991,1.844924034258598,-1.566396561242055,1.6702576072680928,0.6933398670589461,1.2677467806461868,-0.3230153820734017,3.783214329967686,1.4806218315789192,5.601509730492369
5.0,1.0,150.0,24,5.634728881261621,0.25,-0.9009417617094388,0.3900087867523037,0.3589933605861323,1.382139350938223,3.6469747220633373,-30.25447178754709,-176.01493095190088,-12.971042699005244,106.44132740730859,110.16474289542742,93.9524419922086,-3.192818702633401,-0.39,0.17966784599167185,0.0019627433934375493,-0.016753017885101196,0.0,0.0,-7.839144411260058,-38.466479744867314,0.0,-3.398968059400453,-3.2801664079685957,0.8720209703314435,0.08393871975971108,-0.40014472702227294,-1.0615787418103608,0.0,4.804158804011663,1.134488972016651,5.450265182967935
9.5,2.0,195.0,26,9.366714626126608,0.7692307692307693,-0.6507996591091907,0.33218022337329445,0.4924681890680347,1.834868527319607,6.651006255794158,3.6956618263167362,-124.0814355728099,-3.922439258712145,104.68797931136034,80.650607816582,46.762897372012084,0.0,0.1501831501831502,0.39670426359782907,0.0,-0.16595686895819228,-0.2925230577068729,-2.2921351203686093,-25.83698483369847,-68.93806749690083,-5.399049413622499,0.0,1.263142882753005,1.925410943554334,0.0,-1.318834390715998,-1.9025184379124982,-0.4273444729489967,2.3027673012721808,2.3540441489683888,5.420815891995504
9.0,1.75,195.0,33,8.875994120228185,0.6060606060606061,-0.5933555583804201,0.3591311182303187,0.32540291945606076,1.8225375280738931,4.889285593984626,14.152866241707166,-156.45336007056162,-12.105823230140881,88.96520223645382,107.38011014014826,63.408400486190374,0.4325515628134333,0.048128342245989386,0.5022839498084578,0.011291777396396141,-0.25196281136408355,-0.0956207890815739,-2.46518087123388,15.9824274349469,-64.23408051169491,-10.186717317413613,0.460479934182915,0.4047922346320775,2.437843760392075,0.4829043580705311,0.8158140388285231,-1.7727001488887015,-0.8062969996360393,2.5597221220534108,2.1114291878824187,5.404672001371894
9.0,1.75,150.0,31,6.874415933361243,0.3225806451612903,-1.0435743302771006,0.3212675437728158,0.6387053060916955,1.9772398641987101,7.7713237790596015,-6.60944249955869,-74.87353544614838,20.263605717115606,132.20543329092013,118.38033812773044,70.73401527552728,-1.5690266240535085,-0.23535161865332638,0.05206517791177734,-0.02657179706110674,0.061339575271551205,0.05908154704324309,0.4168573138410956,-4.779881306318957,17.34574411271832,22.182711629842874,-1.670333293621758,-1.9794678809427597,0.2526992334800509,-1.1363699577242368,-0.24398635873687488,0.4786992033863198,1.7558015279720127,2.839630255312286,1.8361702742940893,5.214044664790555
4.5,1.5,195.0,24,6.610271266455575,0.3333333333333333,-1.2254575500093345,0.339382964505368,0.5134009431374609,1.7113261345068653,4.08969958505458,10.35527491748801,-106.24245222283935,-10.357428233235847,132.0318643041783,110.09827481733457,86.04657007586768,-1.7391811600738567,-0.3011904761904762,0.2064878304196458,-0.003348641604653646,-0.033724387112602505,-0.3998934990577552,-0.02658301982227229,28.46364095362614,-0.9689919846583734,-7.537487061825697,-1.8514741246430282,-2.533217647179654,1.0021922244925257,-0.14320806793619964,1.452910578237194,-0.026741757985671088,-0.5966056594459989,3.296975263443811,1.5708604593841864,5.179088076911644
6.0,0.5,180.0,82,7.483967230526123,0.45121951219512196,-1.1398305809995466,0.42318949915626963,0.79954404390424,0.5134007043308276,5.874761381935853,-58.22682633006657,-41.99341013378494,-2.1760810743099332,60.75570573956771,86.83663308437733,40.51028542030427,-1.1064797136053501,-0.08084185680566486,-0.2629166404535822,0.027269117252580577,0.28231714180669354,-0.1174943784043675,1.4876688795281625,-22.744130870252285,69.77654303370196,-5.831552932115056,-1.1779213150490526,-0.6799352385942289,-1.276070421277513,1.1661915657503361,-1.1609613959099234,1.9256582680009242,-0.4615779044290723,2.199583833641189,2.29544010807744,5.049012952818721
6.0,0.5,165.0,31,9.696926657736823,0.6129032258064516,-0.6139973000923822,0.36865126465110853,0.23490976029085306,0.7483894611395625,2.8994236228795276,-12.738564589562008,-181.54649620118883,9.487024789920179,78.6071897035414,75.38701324198622,50.91112953065897,1.1064797136053492,0.0808418568056648,0.2629166404535822,-0.02726911725258052,-0.28231714180669343,0.11749437840436738,-1.487668879528163,22.744130870252278,-69.77654303370194,5.831552932115056,1.1779213150490517,0.6799352385942284,1.276070421277513,-1.1661915657503337,1.160961395909923,-1.9256582680009238,0.4615779044290723,2.1995838336411873,2.2954401080774396,5.049012952818716
10.0,2.0,210.0,25,8.497128328690433,0.52,-0.6625865956343681,0.22867056653822485,0.44578975728055065,1.93441962292926,6.290736191387332,3.952458751744623,-124.1855465033368,-9.501070800513622,88.73457100482875,95.19225697524055,31.272949513205646,-0.0776456647470436,-0.020000000000000018,0.3446033620697141,-0.08581091607608712,-0.08179256208739977,-0.08242023357657335,-0.6254190207950918,1.8583967581155734,-43.80733705951042,-3.442096498423899,-0.0826589791047148,-0.1682136619471076,1.6725383248900252,-3.669791201905245,0.09486081955667186,-1.2089730608609368,-0.27244812952575015,4.037311018078662,1.2429168999802465,5.0180420948464235
5.0,1.0,195.0,25,8.827547583895022,0.64,-1.3917673240354826,0.36082873270270144,0.4543784274272336,1.895464990768384,3.921625635734686,11.225933073153293,-108.1798561077201,8.343190927976677,131.53180566282614,113.65274036701605,104.04576668690206,0.0,0.0,-0.31115771633437195,-0.027217310656164728,0.07863204895600012,0.5133256398301611,0.27465091367134864,33.641260449440324,29.368595099313467,21.31423362698192,0.0,0.0,-1.5102093099985867,-1.1639760039031817,1.717199259639958,0.8104998544460561,1.6870599318191826,1.906717676445264,2.5400501028355413,4.843158430133137
9.0,2.5,150.0,22,8.437229918703817,0.5,-1.2207690814519632,0.35306572860123675,0.5591418319444343,2.316554066776183,7.04709378589781,-1.2713335499945624,-91.87346553438158,-5.736508164075602,51.70533159773847,83.29379250013751,43.24374321730238,-0.9428743265928645,-0.19999999999999996,0.2754889388645638,-0.02242511869096081,-0.06401016129044412,-0.25769708912930955,-0.5073135262264925,15.609695851266157,-27.180763093935326,-19.296011372255947,-1.003752489132745,-1.6821366194710743,1.3370902871256785,-0.9590330349206245,0.7967881643223361,-0.7501211568639964,-1.5273140099604814,2.55825281471567,1.8788936142849344,4.806684877295732
9.0,2.5,165.0,20,10.322978571889546,0.9,-1.7717469591810908,0.39791596598315837,0.6871621545253226,2.831948245034802,8.061720838350794,-32.49072525252687,-37.51193934651094,32.85551458043629,158.8767839344758,75.09779202399203,87.89154878668386,0.9428743265928645,0.20000000000000007,-0.2754889388645638,0.02242511869096081,0.06401016129044412,0.25769708912930955,0.5073135262264916,-15.609695851266153,27.18076309393531,19.296011372255947,1.003752489132745,1.6821366194710752,-1.3370902871256785,0.9590330349206245,-0.796788164322336,0.750121156863996,1.5273140099604814,2.5582528147156705,1.8788936142849342,4.806684877295732
8.5,1.75,165.0,24,9.072110592903265,0.6666666666666666,-1.4952524650968382,0.3908310536264564,0.6176105527204464,2.1241909522337914,7.030896470211149,15.799300958140046,-60.21103183254679,19.422691409210135,100.91026693744364,100.51749944429146,64.00121818198711,0.732863131067786,0.09780092592592593,-0.22686117507022052,0.02233066205779982,0.08657071875820144,0.08083725548835075,0.4981099630020873,39.145138129435644,37.35866620117337,16.340809802483847,0.7801815907546148,0.8225725945908902,-1.1010746019876874,0.9549935008241882,1.99814160695305,1.0310058556072241,1.29340448986869,1.8465337401962556,2.5939233084549334,4.789766908543534
9.5,1.5,210.0,25,7.35439744760053,0.24,-1.2742864713828963,0.3192194735371124,0.6429914491448958,1.860453115416928,9.472255204381218,6.849180295701907,-32.1732659631751,-5.130333800028107,123.53325933471798,125.68852265576629,77.28734662486562,0.8081798880624316,-0.06555555555555559,-0.1850807328140851,-0.0062789387120288365,0.18249747371105496,0.041501778071456163,2.870601738043762,0.0,122.19595245669977,0.0,0.8603612925182259,-0.5513670030488526,-0.8982925093100647,-0.2685252074721398,0.0,3.372303010925012,0.0,1.3868173437930584,3.372303010925012,4.676768304076359
9.0,1.5,210.0,29,7.471072591644677,0.3793103448275862,-1.3369421625512141,0.3129584156126357,0.6533492073052357,2.368750141068595,8.192996793427984,-26.43961911109874,-29.32252510237859,-33.108373556745015,114.93101436524502,99.89756023282436,79.26371177437964,0.0023110641852381875,0.027958993476234817,-0.23303960516425337,0.0,0.2472294102495407,0.6052042445182062,2.337586928898814,-5.327751849804876,107.14916819203427,-28.987499449564893,0.002460281675990567,0.23515423384963732,-1.131061718357821,0.0,-0.27195210315559254,2.9570493559526745,-2.2944127244192294,1.1552506989471516,3.752656204600649,4.335258703273265
5.5,2.0,180.0,25,10.520177159674578,0.84,-0.9165444291041821,0.4210829477197204,0.3713463802985077,2.3837070700347702,4.413302213675932,14.969398456356968,-153.50821208438367,21.073173288841915,88.59153932217035,83.87159667278095,79.71836814586091,0.7343361530382104,0.14769230769230768,0.053849976252380194,0.03451085348496413,-0.03300520899032894,0.0,0.031192294800183262,18.70854656055016,-25.045354706368528,21.189759628023584,0.7817497207032831,1.242193195917101,0.26136178282063016,1.4758917895371957,0.9549672596542348,-0.6911892201658656,1.6772075908966324,2.097794822604176,2.050056171924638,4.300597223511242
6.0,1.0,210.0,106,7.086903640506522,0.330188679245283,-1.7133912853840618,0.3917065211560459,0.6475884939072989,1.4833364986571862,5.561204782242789,-94.53819683393127,70.13012025713073,-60.966166539147906,13.70708554161916,35.097542939144674,12.304877091367826,-0.9250764134908511,-0.11431742508324089,-0.08276498077467531,0.006093393213724541,0.11939126416645185,0.16438704514936386,0.8467400777608551,-23.955198339661564,90.15808812613508,-12.230561452494598,-0.9848054258034574,-0.9614876348808032,-0.40170125292168896,0.2605901653077318,-1.2227796552159076,2.4881379942166646,-0.9680709394137187,1.45724786140676,2.936525516186063,4.279245528428523
6.0,1.0,195.0,34,8.937056467488226,0.5588235294117647,-1.5478613238347114,0.3795197347285968,0.4088059655743953,1.1545624083584585,3.8677246267210794,-46.62780015460815,-110.18605599513943,-36.50504363415871,71.49181405798213,131.00598522574467,69.36846991559896,0.9250764134908529,0.11431742508324083,0.08276498077467509,-0.006093393213724541,-0.11939126416645174,-0.16438704514936386,-0.8467400777608542,23.95519833966155,-90.15808812613508,12.230561452494598,0.9848054258034593,0.9614876348808028,0.4017012529216879,-0.2605901653077318,1.2227796552159067,-2.4881379942166646,0.9680709394137187,1.4572478614067605,2.936525516186062,4.279245528428523
5.0,1.5,195.0,20,6.864677395452139,0.4,-1.2359803816280208,0.43398510861587836,0.41986017814161686,1.6310107011753527,3.7826009014952025,-37.93626299463992,-116.17024006526094,21.57166368116211,121.08129550880574,117.92527437616756,67.0916102603976,-1.466964446570529,-0.1333333333333333,-0.02347824335899018,0.03585204886956822,-0.06186362764109182,-0.046827984151109,-0.3351391600171638,-22.396574399965676,-12.087183605585807,15.886296146048114,-1.5616813112679266,-1.1214244129807163,-0.11395205659967336,1.5332493758155175,-1.1432205709382726,-0.33357607062447,1.2574289163783692,2.4617635856504627,1.7318642407689382,4.263440323215158
5.0,1.5,180.0,21,9.798606288593197,0.6666666666666666,-1.1890238949100402,0.3622810108767419,0.5435874334238006,1.7246666694775707,4.45287922152953,6.856885805291433,-91.99587285408933,-10.200928610934117,152.7513678832084,90.44205022464897,102.77220157368153,1.466964446570529,0.1333333333333333,0.023478243358990403,-0.03585204886956822,0.06186362764109188,0.046827984151109,0.3351391600171638,22.396574399965676,12.087183605585807,-15.886296146048114,1.5616813112679266,1.1214244129807163,0.11395205659967445,-1.5332493758155175,1.1432205709382726,0.33357607062447,-1.2574289163783692,2.4617635856504627,1.7318642407689382,4.263440323215158
8.0,1.0,195.0,41,7.138173081448026,0.43902439024390244,-1.5312604103046266,0.3846055264888341,0.5802072855502127,1.4268416734240685,6.7999678477218035,33.61256765361073,-77.90755717008872,1.016900700762744,124.62986900276213,102.59111784430485,66.37634308711526,-1.7284252231708335,-0.18048780487804877,0.0040342705566482895,-0.029854425427715603,-0.061558067706559805,-0.5977046366258469,-0.3156970517009752,24.745567090185403,-30.227314702211977,1.6772223776917536,-1.84002371377186,-1.5180257297665796,0.019580401300915484,-1.2767549023182825,1.2631235845190878,-0.8341983701838922,0.13275516819766242,2.7056562708860517,1.5195367864151892,4.111344235006295
8.0,1.0,165.0,20,10.595023527789692,0.8,-1.5393289514179231,0.44431437734426527,0.7033234209633323,2.6222509466757624,7.431361951123755,-15.878566526760075,-17.452927765664768,-2.3375440546207633,121.91631503281135,107.45505266312678,86.64565396567322,1.7284252231708326,0.18048780487804883,-0.0040342705566482895,0.029854425427715547,0.061558067706559805,0.5977046366258469,0.31569705170097606,-24.745567090185403,30.227314702211977,-1.6772223776917536,1.840023713771859,1.51802572976658,-0.019580401300915484,1.27675490231828,-1.2631235845190878,0.8341983701838922,-0.13275516819766242,2.7056562708860503,1.5195367864151892,4.111344235006293
8.5,2.25,165.0,25,10.591798450997524,0.88,-1.7448872233766106,0.3380413721216132,0.7818134813256217,2.200209054188759,8.422339990402847,-26.97586553166582,-13.74838187646639,20.313048003003445,163.5348177450903,72.92796194525917,50.203543858093994,0.9876634737081549,0.14,-0.19317384768722978,0.0020613564715929455,0.06872298709381885,-0.10030588497496673,0.3786798272617329,16.563875008326843,7.689105993363697,25.741305732424387,1.0514335179137078,1.1774956336297524,-0.9375725810765542,0.08815600845858228,0.8454937038942266,0.2122001160548281,2.037470652423822,1.838157293711131,2.2161171341034334,4.073571873770435
8.5,2.25,150.0,20,8.616471503581216,0.6,-1.3585395280021513,0.33391865917842734,0.644367507137984,2.4008208241386924,7.664980335879382,-60.10361554831951,-29.126593863193783,-31.16956346184533,99.33291115063871,120.77795596191815,88.0583981386033,-0.9876634737081531,-0.14,0.19317384768722956,-0.0020613564715929455,-0.06872298709381885,0.10030588497496673,-0.378679827261732,-16.563875008326846,-7.689105993363697,-25.741305732424387,-1.051433517913706,-1.1774956336297524,0.9375725810765531,-0.08815600845858228,-0.8454937038942268,-0.2122001160548281,-2.037470652423822,1.8381572937111292,2.2161171341034334,4.0735718737704305
6.0,1.75,180.0,25,10.625300388933661,0.92,-0.8766690869052511,0.38145732500822954,0.254142815753314,2.001960039110619,3.37983196510313,-27.590020606518568,-181.43793978099382,7.99795080712271,82.1471457729703,99.68818410699366,87.57104197945958,0.43344716352834034,0.15047619047619054,0.2442594507092477,0.01967595435835595,-0.21176297738722138,-0.08855525865349412,-2.0511575337833436,-11.372069082394933,-69.51598348608408,-5.4539052987776175,0.4614333607653371,1.2656075517925234,1.1855174310375869,0.8414622229339609,-0.5804808841277502,-1.9184674754313555,-0.4316864149343056,1.981967071749776,2.0503240407224728,4.063674735128887
