annulus_index,r_in_kpc,r_center_kpc,r_out_kpc,valid_pixel_count,expected_pixel_count,valid_area_fraction,usable,sigma_hi_raw_msun_pc2,sigma_hi_raw_std_msun_pc2,sigma_hi_raw_sem_beam_msun_pc2,n_eff_beams
0,0.0,0.06018995102502007,0.12037990205004014,31,28.07170742995339,1.1043147296028752,1,3.9380966818029584,1.2909648774581701,1.134883125265939,1.2939770588019575
1,0.12037990205004014,0.1805698530750602,0.24075980410008027,82,84.21512228986016,0.9736968583595245,1,4.932757621010678,2.074376465018192,1.1212390347295933,3.422778026508403
2,0.24075980410008027,0.30094975512510036,0.3611397061501204,136,140.358537149767,0.9689471175870386,1,5.190919762974619,1.6804326591576875,0.7052924223707939,5.676802580550523
3,0.3611397061501204,0.4213296571751405,0.48151960820016054,200,196.5019520096737,1.0178015941040326,1,4.975574087608983,0.8414869260961991,0.2912392698664364,8.348239089044887
4,0.48151960820016054,0.5417095592251806,0.6018995102502007,252,252.6453668695805,0.9974455622219518,1,4.7331129470594115,0.862968132387076,0.266079886485862,10.518781252196556
5,0.6018995102502007,0.6620894612752207,0.7222794123002408,308,308.7887817294874,0.9974455622219514,1,5.123342932385889,1.1451806310723038,0.319386234605646,12.856288197129123
6,0.7222794123002408,0.7824693633252608,0.842659314350281,370,364.9321965893938,1.0138869725882484,1,5.450329933706338,1.2947054765657715,0.32944861156795113,15.444242314733039
7,0.842659314350281,0.9028492653753011,0.9630392164003211,406,421.07561144930094,0.9641973768145532,1,5.474612189372545,1.4426798294279335,0.35044873898225515,16.946925350761116
8,0.9630392164003211,1.023229167425341,1.0834191184503612,496,477.2190263092078,1.0393550396262352,1,5.5309898815022045,1.5358744348986808,0.33754558492052217,20.70363294083132
9,1.0834191184503612,1.1436090694753813,1.2037990205004014,534,533.3624411691142,1.0011953575686514,1,5.87649640637984,1.981542865211455,0.41971104833556155,22.289798367749846
10,1.2037990205004014,1.2639889715254213,1.3241789225504415,578,589.5058560290206,0.9804822023202189,1,6.653956385912725,2.7328898837920876,0.5563854604186876,24.12641096733972
11,1.3241789225504415,1.3843688735754616,1.4445588246004817,644,645.6492708889292,0.9974455622219499,1,6.764904271675354,2.9534247307463826,0.5696400711972774,26.88132986672453
12,1.4445588246004817,1.5047487756255018,1.5649387266505217,718,701.792685748834,1.0230941623933745,1,6.597753806573486,2.8743275741144516,0.5250390405710259,29.97017832967114
13,1.5649387266505217,1.6251286776755418,1.685318628700562,745,757.9361006087413,0.9829324654171353,1,6.411106687292837,2.850513259068497,0.5111666219937091,31.097190606692198
14,1.685318628700562,1.745508579725582,1.8056985307506022,825,814.0795154686497,1.0134145182673755,1,5.360638256517983,2.8208093601006876,0.4806891509861292,34.43648624231015
15,1.8056985307506022,1.865888481775622,1.9260784328006422,843,870.222930328554,0.9687172914206296,1,4.384975114374546,2.168847607160697,0.3656224116076815,35.18782776032419
16,1.9260784328006422,1.9862683838256623,2.046458334850682,945,926.3663451884613,1.0201147795451786,1,3.7621698156537264,1.7117383992720618,0.27254551995193943,39.44542969573709
17,2.046458334850682,2.106648285875702,2.1668382369007224,992,982.5097600483698,1.009659181351199,1,2.8941254561525938,1.368944687588384,0.2127392497149779,41.40726588166264
18,2.1668382369007224,2.2270281879257428,2.2872181389507626,1021,1038.653174908276,0.9830037828461508,1,2.2875092186867154,1.1561892836209913,0.17710614385542356,42.61776054957414
19,2.2872181389507626,2.347408089975783,2.407598041000803,1108,1094.7965897681802,1.0120601492142167,1,1.8795496270564984,0.9011457218299819,0.1325081844629396,46.249244553308664
20,2.407598041000803,2.4677879920258228,2.5279779430508427,1146,1150.9400046280878,0.9957078521832387,1,1.6303175351296453,0.923832875627524,0.13357299465368933,47.8354099802272
21,2.5279779430508427,2.588167894075863,2.648357845100883,1189,1207.0834194879951,0.9850189148520775,1,1.5032036409338605,0.8812934437459842,0.12509707941111958,49.63028138437185
22,2.648357845100883,2.7085477961259032,2.768737747150923,1284,1263.2268343479068,1.0164445253118903,1,1.360855724596383,0.757796230327246,0.10351123429043954,53.595694951668165
23,2.768737747150923,2.828927698175943,2.8891176492009634,1278,1319.3702492078098,0.9686439426441139,1,1.218389710762414,0.7510816245786115,0.10283460130686313,53.345247778996814
24,2.8891176492009634,2.9493076002259833,3.0094975512510036,1386,1375.5136640677151,1.0076235781629928,1,1.0245148048245436,0.6778622439571917,0.08912045361935729,57.85329688708106
25,3.0094975512510036,3.069687502276023,3.1298774533010434,1420,1431.6570789276202,0.9918576319013824,1,0.83904021590995,0.5903741417467221,0.07668328578768574,59.27249753221869
26,3.1298774533010434,3.1900674043260637,3.2502573553510836,1436,1487.8004937875298,0.9651831720692201,1,0.7892095963490042,0.5853168576092596,0.07560166686843472,59.94035665934228
27,3.2502573553510836,3.310447306376104,3.370637257401124,1535,1543.9439086474351,0.9942071026043489,1,0.716719480824069,0.5599765932764492,0.06995733273534128,64.0727350084195
28,3.370637257401124,3.4308272084261437,3.491017159451164,1568,1600.087323507349,0.9799465172706858,1,0.6437400672084096,0.5685913308767767,0.07028210545331362,65.4501944581119
29,3.491017159451164,3.551207110476184,3.6113970615012043,1638,1656.23073836725,0.9889926337285454,1,0.6217544488549156,0.584795483569827,0.07072364242615503,68.37207813927762
30,3.6113970615012043,3.671587012526224,3.731776963551244,1680,1712.3741532271551,0.9810939956281503,1,0.5631081855087685,0.5699516023424748,0.06806140290213014,70.12520834797704
31,3.731776963551244,3.791966914576264,3.8521568656012843,1694,1768.5175680870605,0.9578643891179077,1,0.5191055968617114,0.5265978878228013,0.06262387951129579,70.70958508421019
32,3.8521568656012843,3.9123468166263047,3.9725367676513246,1662,1824.66098294697,0.9108541342927935,1,0.4882695982930477,0.45559194139374787,0.054698835729207806,69.373866829963
33,3.9725367676513246,4.0327267186763445,4.092916669701364,1634,1880.804397806875,0.8687772114449206,1,0.4540419968638153,0.40501066836208494,0.04904085074294236,68.20511335749671
34,4.092916669701364,4.153106620726385,4.213296571751404,1668,1936.9478126667848,0.8611486530984549,1,0.41613863726528877,0.36020865761915283,0.043169168370234934,69.62431400263435
35,4.213296571751404,4.273486522776425,4.333676473801445,1669,1993.091227526694,0.8373926777406614,1,0.3845096290299442,0.36565949101896517,0.04380929260666569,69.66605519807958
36,4.333676473801445,4.393866424826465,4.4540563758514855,1670,2049.2346423865997,0.8149383996627484,1,0.37851351076779277,0.3791494110729883,0.045411903753365755,69.70779639352479
37,4.4540563758514855,4.5142463268765045,4.574436277901525,1650,2105.378057246505,0.7837072274601048,1,0.38661610593192713,0.37438064238712204,0.045111676955076604,68.8729724846203
38,4.574436277901525,4.634626228926545,4.694816179951566,1630,2161.5214721064185,0.7540984538134395,1,0.38575180949217935,0.3593282336199459,0.04356273104997251,68.03814857571582
39,4.694816179951566,4.755006130976585,4.815196082001606,1613,2217.664886966302,0.7273416328499184,1,0.3678019400716706,0.32948483227999353,0.04015464601026677,67.328548253147
40,4.815196082001606,4.875386033026626,4.9355759840516455,1524,2273.8083018262378,0.67024119789517,1,0.3437843790969242,0.30535655835031,0.038285324031190025,63.61358185852203
41,4.9355759840516455,4.995765935076665,5.055955886101685,1485,2329.9517166861124,0.6373522632958737,1,0.32093151757601446,0.2900665625761062,0.03684274668997555,61.98567523615828
42,5.055955886101685,5.116145837126706,5.176335788151726,1473,2386.0951315460484,0.617326602165096,1,0.28391534398706963,0.2752767963310442,0.035106359067146986,61.48478089081558
43,5.176335788151726,5.236525739176746,5.296715690201766,1479,2442.238546405932,0.6055919484919025,1,0.2780808242514621,0.26404462788709504,0.033605534520061896,61.73522806348693
44,5.296715690201766,5.356905641226786,5.4170955922518065,1484,2498.3819612658585,0.5939844359299247,1,0.2728662894698893,0.26472992186708577,0.03363594545654713,61.943934040713046
45,5.4170955922518065,5.477285543276826,5.537475494301846,1476,2554.525376125768,0.5777981357298254,1,0.26155617445615,0.2451831977180983,0.031236695547939848,61.61000447715126
46,5.537475494301846,5.597665445326866,5.657855396351886,1450,2610.6687909856523,0.555413235492257,1,0.2596677499354119,0.24783779276250884,0.031856722324996596,60.524733395575424
47,5.657855396351886,5.718045347376907,5.778235298401927,1395,2666.8122058455874,0.5230964508645168,1,0.27231459257196333,0.25865872249757543,0.03389671274986927,58.22896764608808
48,5.778235298401927,5.8384252494269475,5.8986152004519665,1359,2722.9556207054625,0.4990900291088515,0,0.26831592068983995,0.24860407448282015,0.033007761484521204,56.72628461006
49,5.8986152004519665,5.958805151476986,6.018995102502007,1351,2779.099035565398,0.48612877148695915,0,0.2467153350328636,0.2172380488020462,0.0289284908228468,56.3923550464982
50,6.018995102502007,6.079185053527027,6.139375004552046,1330,2835.2424504252726,0.46909568520339645,0,0.23247783470964226,0.21214495347338833,0.028472424057779177,55.515789942148494
51,6.139375004552046,6.199564955577067,6.259754906602087,1336,2891.385865285208,0.46206216058547966,0,0.2355830653455835,0.2423993897062655,0.03245980089344341,55.76623711481984
52,6.259754906602087,6.319944857627108,6.3801348086521275,1341,2947.5292801451264,0.45495731256449934,0,0.239164976707788,0.26373061892445393,0.03525037355231485,55.97494309204596
53,6.3801348086521275,6.4403247596771465,6.500514710702167,1281,3003.672695004993,0.42647789225845417,0,0.24690105112825353,0.26283722957903566,0.03594428710952082,53.4704713653325
54,6.500514710702167,6.560704661727187,6.620894612752208,1302,3059.8161098649284,0.425515767369914,0,0.2467839176596908,0.2556860812874947,0.03468319946396628,54.34703646968221
55,6.620894612752208,6.681084563777228,6.741274514802248,1290,3115.959524724812,0.4139976754396151,0,0.2528354202196151,0.23554964544175064,0.03210000930347461,53.846142124339515
56,6.741274514802248,6.801464465827268,6.8616544168522875,1288,3172.1029395847477,0.4060397863912351,0,0.25101216484795424,0.2514554402934488,0.03429419896456682,53.76265973344906
57,6.8616544168522875,6.921844367877308,6.982034318902328,1265,3228.2463544446477,0.3918536137300515,0,0.24379288171681268,0.2564858852680788,0.03529683511262329,52.8026122382089
58,6.982034318902328,7.042224269927348,7.102414220952368,1222,3284.3897693045324,0.37206302717803125,0,0.25024247181343384,0.25266671279611636,0.035377731849569986,51.00774083406425
59,7.102414220952368,7.162604171977388,7.222794123002409,1207,3340.533184164468,0.36131956590692993,0,0.26025101958981206,0.2558882206439029,0.036050742834784065,50.381622902385885
60,7.222794123002409,7.282984074027428,7.343174025052448,1190,3396.6765990243343,0.3503424495407709,0,0.2764530155443863,0.2630564184582922,0.03732441251953788,49.672022579817074
61,7.343174025052448,7.403363976077468,7.463553927102488,1144,3452.8200138842867,0.33132338071483924,0,0.2598329682337466,0.2445462257145089,0.035388773463206076,47.751927589336745
62,7.463553927102488,7.523743878127509,7.583933829152528,1117,3508.963428744153,0.31832762657197905,0,0.2534196793801956,0.26220483305387415,0.03840003891701975,46.624915312315686
63,7.583933829152528,7.644123780177549,7.704313731202569,1099,3565.106843604088,0.3082656560410356,0,0.2496369950221468,0.2722566226520505,0.0401973261075463,45.87357379430165
64,7.704313731202569,7.764503682227589,7.824693633252609,1044,3621.2502584640065,0.28829821898109415,0,0.24351469339899356,0.2450925239704708,0.037127642484499075,43.577808044814304
65,7.824693633252609,7.884883584277628,7.945073535302649,1026,3677.393673323873,0.2790019484295879,0,0.21659751106540695,0.2121861574030089,0.032423577092164604,42.82646652680026
66,7.945073535302649,8.005263486327669,8.065453437352689,976,3733.5370881838085,0.26141430416987727,0,0.22389880453453295,0.1882731945729901,0.02949722367364227,40.73940675453905
67,8.065453437352689,8.125643388377709,8.185833339402729,938,3789.680503043692,0.24751426914396682,0,0.2527624654910198,0.20319419944349923,0.03247337632058838,39.15324132762051
68,8.185833339402729,8.246023290427749,8.30621324145277,920,3845.823917903628,0.2392205206580272,0,0.26806818841167773,0.2184714020869602,0.03525479882187678,38.401899809606476
69,8.30621324145277,8.36640319247779,8.426593143502808,885,3901.967332763511,0.22680866458541357,0,0.24965727167427446,0.18573451659648768,0.030558958102398236,36.94095796902362
70,8.426593143502808,8.48678309452783,8.54697304555285,875,3958.1107476234297,0.22106506254919134,0,0.2213327387145691,0.1712062402239945,0.02832912248223671,36.52354601457137
71,8.54697304555285,8.60716299657787,8.66735294760289,858,4014.254162483348,0.21373833476184612,0,0.20288718427683142,0.18576873323711546,0.031041774112975293,35.813945692002555
72,8.66735294760289,8.72754289862791,8.78773284965293,842,4070.397577343231,0.20685939984997181,0,0.1919253427778096,0.20820773302795406,0.03512031224068733,35.14608656487897
73,8.78773284965293,8.84792280067795,8.908112751702971,830,4126.540992203167,0.20113698169198646,0,0.16430169681626933,0.19331950272541568,0.03284385920387891,34.64519221953628
74,8.908112751702971,8.968302702727991,9.028492653753009,814,4182.684407063017,0.19461186185251106,0,0.14712803912653413,0.15032261886701634,0.02578871421326372,33.977333092412685
75,9.028492653753009,9.08868260477803,9.14887255580305,801,4238.827821923003,0.18896733570004154,0,0.14928760752962847,0.1439574378702684,0.024896334423823645,33.434697551624765
76,9.14887255580305,9.20906250682807,9.26925245785309,786,4294.97123678287,0.18300471799870538,0,0.14815356617511963,0.1480877224458855,0.025853856822506165,32.8085796199464
77,9.26925245785309,9.32944240887811,9.389632359903132,792,4351.114651642805,0.18202232379718442,0,0.14832942148216177,0.13419062920013142,0.02333872662636028,33.05902679261775
78,9.389632359903132,9.44982231092815,9.51001226195317,789,4407.258066502603,0.17902287274639084,0,0.12660014496266875,0.1325718619251016,0.023100980461933183,32.93380320628208
79,9.51001226195317,9.570202212978192,9.630392164003212,770,4463.401481362607,0.17251416956668908,0,0.12225200527115372,0.14591158701269083,0.025737240279721883,32.14072049282281
80,9.630392164003212,9.690582115028231,9.750772066053251,772,4519.544896222508,0.17081365883658933,0,0.11732141744587023,0.14989258971960037,0.02640517629678717,32.22420288371326
81,9.750772066053251,9.810962017078271,9.871151968103291,763,4575.688311082444,0.16675086853096896,0,0.10769036362383001,0.13821245775786856,0.02449077223973898,31.84853212470624
82,9.871151968103291,9.931341919128311,9.99153187015333,752,4631.831725942241,0.16235477549586988,0,0.09878383692572941,0.12532805577535927,0.022369534192444678,31.38937897480877
83,9.99153187015333,10.05172182117835,10.11191177220337,758,4687.97514080221,0.1616902771950899,0,0.11530097946857518,0.1427926617012315,0.025385682547094595,31.639826147480118
84,10.11191177220337,10.172101723228392,10.232291674253412,719,4744.118555662146,0.1515560776072654,0,0.12356041309736793,0.15466637649028686,0.028232479691583583,30.01191952511636
85,10.232291674253412,10.29248162527843,10.352671576303452,689,4800.261970522048,0.14353383299309153,0,0.11947266625304963,0.1545240697741533,0.028814035404022432,28.75968366175963
86,10.352671576303452,10.412861527328472,10.473051478353492,684,4856.405385381948,0.14084491423612994,0,0.12233371549156982,0.1511572133898709,0.02828905139791174,28.55097768453351
87,10.473051478353492,10.533241429378512,10.593431380403532,700,4912.548800241781,0.14249222317456636,0,0.11424548719492451,0.1353344727718916,0.025036693570476175,29.2188368116571
88,10.593431380403532,10.653621331428553,10.713811282453571,725,4968.692215101784,0.14591364661237088,0,0.10356431959256482,0.14700826538306802,0.02672331361718651,30.262366697787712
89,10.713811282453571,10.774001233478593,10.834191184503613,727,5024.835629961651,0.14468134950825215,0,0.1045948550162206,0.15251024711094488,0.027685309178139758,30.345849088678158
90,10.834191184503613,10.894381135528631,10.954571086553653,673,5080.979044821586,0.13245478756420098,0,0.1090437556773916,0.15614593462701123,0.029460540337182022,28.091824534636043
91,10.954571086553653,11.014761037578673,11.074950988603693,582,5137.122459681487,0.11329299711420258,0,0.0970180748239739,0.14053539692022388,0.02851292625578898,24.293375749120617
92,11.074950988603693,11.135140939628712,11.195330890653732,526,5193.265874541319,0.10128501268894836,0,0.08799216449064365,0.1337796131094097,0.028550559412933045,21.95586880418805
93,11.195330890653732,11.255520841678754,11.315710792703772,462,5249.409289401289,0.08800990254899566,0,0.09156216284972413,0.14553803889239034,0.03314157085078573,19.284432295693684
94,11.315710792703772,11.375900743728794,11.436090694753814,389,5305.552704261224,0.07331941113082706,0,0.101740315219582,0.14532852927131254,0.03606563942475473,16.237325028192302
95,11.436090694753814,11.496280645778832,11.556470596803853,360,5361.696119121125,0.06714293238592012,0,0.10264420778595014,0.11882508068109225,0.0306531016952798,15.026830360280796
96,11.556470596803853,11.616660547828873,11.676850498853895,357,5417.839533981026,0.06589342444730484,0,0.09310665289318787,0.12599653924241674,0.0326393925096755,14.90160677394512
97,11.676850498853895,11.737040449878913,11.797230400903933,347,5473.982948840824,0.0633907710789419,0,0.09334244282253994,0.13760679585536095,0.03615702617919149,14.484194819492876
98,11.797230400903933,11.857420351928955,11.917610302953973,341,5530.126363700829,0.06166224378493199,0,0.07625688266193988,0.10417337245860867,0.027611950941481157,14.23374764682153
99,11.917610302953973,11.977800253978995,12.037990205004014,333,5586.269778560763,0.05961044009689656,0,0.06485723312881031,0.07097542277454645,0.01903721566812543,13.899818083259735
100,12.037990205004014,12.098180156029033,12.158370107054054,324,5642.41319342063,0.0574222391897499,0,0.07421280159044844,0.09011548062340055,0.024504421648398524,13.524147324252715
101,12.158370107054054,12.218560058079074,12.278750009104092,324,5698.556608280462,0.05685650284305361,0,0.0715218810394796,0.10800653500945408,0.029369400865925356,13.524147324252715
102,12.278750009104092,12.338939960129114,12.399129911154134,287,5754.700023140466,0.0498722781110974,0,0.06279739569161177,0.10455507154024316,0.030207981991913616,11.97972309277941
103,12.399129911154134,12.459319862179155,12.519509813204174,252,5810.843438000367,0.043367198357476044,0,0.0699402901772155,0.08850614103747541,0.027289193049819544,10.518781252196556
104,12.519509813204174,12.579699764229193,12.639889715254215,246,5866.986852860302,0.04192952978581653,0,0.0781181094988644,0.09808771869992157,0.030610092286260583,10.26833407952521
105,12.639889715254215,12.700079666279233,12.760269617304255,232,5923.130267720204,0.03916847840817388,0,0.08000284491472652,0.11108166766383527,0.03569570446379943,9.683957343292068
106,12.760269617304255,12.820459568329275,12.880649519354293,215,5979.273682579967,0.03595754458043652,0,0.06900273103211679,0.09728430926884092,0.032474399443145965,8.974357020723252
107,12.880649519354293,12.940839470379315,13.001029421404334,211,6035.417097440006,0.034960301267247654,0,0.05231562926139858,0.058179012876638826,0.019603909060335906,8.807392238942354
108,13.001029421404334,13.061219372429356,13.121409323454374,187,6091.560512299906,0.030698209370557006,0,0.05129585966634379,0.06692743269177764,0.023955261787372468,7.805603548256968
109,13.121409323454374,13.181599274479394,13.241789225504416,163,6147.703927159808,0.026513963901203152,0,0.05745567637619793,0.0706354147131396,0.027079850081322004,6.803814857571582
110,13.241789225504416,13.301979176529434,13.362169127554456,155,6203.847342019709,0.024984496144861392,0,0.033773508604659136,0.049899907194418905,0.019617851709178773,6.469885294009786
111,13.362169127554456,13.422359078579476,13.482549029604495,133,6259.990756879541,0.021246037760333274,0,0.027053689836349676,0.049021366242930076,0.020805451702902416,5.551578994214848
112,13.482549029604495,13.542738980629515,13.602928931654535,116,6316.13417173951,0.018365664320277215,0,0.02875806844888337,0.04503372080580148,0.02046569016555548,4.841978671646034
113,13.602928931654535,13.663118882679557,13.723308833704575,98,6372.277586599479,0.015379116598135676,0,0.041772425795931295,0.04383117439531165,0.02167143291645774,4.090637153631993
114,13.723308833704575,13.783498784729595,13.843688735754617,75,6428.421001459312,0.011666939670406511,0,0.04336244038740786,0.04216895373072702,0.0238330570502193,3.1305896583918322
115,13.843688735754617,13.903878686779635,13.964068637804656,37,6484.564416319281,0.005705857421492261,0,0.05318043001824915,0.05575015885397435,0.04486036529884457,1.5444242314733039
116,13.964068637804656,14.024258588829676,14.084448539854696,16,6540.7078311790465,0.0024462184235977094,0,0.09632013667327616,0.051278970752286414,0.051278970752286414,1.0
117,14.084448539854696,14.144638490879716,14.204828441904736,16,6596.851246039084,0.0024253995433968297,0,0.06813802892410474,0.03437025080513042,0.03437025080513042,1.0
118,14.204828441904736,14.265018392929758,14.325208343954776,15,6652.994660898985,0.002254623784407656,0,0.07119513198408654,0.10023768290028469,0.10023768290028469,1.0
119,14.325208343954776,14.385398294979796,14.445588246004817,15,6709.138075758885,0.0022357566397682637,0,0.08417759650508636,0.08749821526807731,0.08749821526807731,1.0
120,14.445588246004817,14.505778197029837,14.565968148054855,17,6765.2814906186495,0.002512829661792157,0,0.03929601148872585,0.026916618386785336,0.026916618386785336,1.0
121,14.565968148054855,14.626158099079877,14.686348050104897,27,6821.424905478688,0.003958117310404562,0,0.004219211591505618,0.042302039797271575,0.03984712442977492,1.1270122770210595
122,14.686348050104897,14.746538001129917,14.806727952154937,55,6877.568320338657,0.007997012525103023,0,0.017976766487407744,0.02962130842100439,0.01954971596234368,2.2957657494873436
123,14.806727952154937,14.866917903179957,14.927107854204976,59,6933.711735198489,0.008509150979047881,0,0.025217284075574366,0.030734789334718456,0.0195849196184323,2.462730531268241
124,14.927107854204976,14.987297805229996,15.047487756255018,63,6989.85515005839,0.00901306230923451,0,0.036248452912780844,0.03363366864591755,0.020740609993683382,2.629695313049139
125,15.047487756255018,15.107677707280038,15.167867658305056,58,7045.998564918222,0.008231622454307606,0,0.05035754916819925,0.04715797629177988,0.03030810070148554,2.420989335823017
126,15.167867658305056,15.228057609330078,15.288247560355098,51,7102.141979778261,0.0071809321955560645,0,0.05158436055714268,0.05749126092983192,0.039403455077984616,2.1288009677064457
127,15.288247560355098,15.348437511380117,15.408627462405137,46,7158.285394638093,0.006426119868656851,0,0.04866767544093786,0.05123842036878301,0.03697723004267897,1.9200949904803237
128,15.408627462405137,15.468817413430157,15.529007364455177,36,7214.428809498063,0.00499000003335048,0,0.04791542005784896,0.05407471728882238,0.044112387698429394,1.5026830360280794
129,15.529007364455177,15.589197315480197,15.649387266505219,26,7270.572224357964,0.003576059654960096,0,0.04610600582656822,0.0540945219687948,0.0519259166492844,1.085271081575835
130,15.649387266505219,15.709577217530239,15.769767168555257,11,7326.715639217727,0.0015013548418776178,0,0.05272924283982258,0.03001106560439566,0.03001106560439566,1.0
131,15.769767168555257,15.829957119580278,15.890147070605298,0,7382.859054077765,0.0,0,nan,nan,nan,1.0
132,15.890147070605298,15.950337021630318,16.010526972655338,0,7439.002468937666,0.0,0,nan,nan,nan,1.0
133,16.010526972655338,16.070716923680358,16.130906874705378,0,7495.145883797569,0.0,0,nan,nan,nan,1.0
134,16.130906874705378,16.191096825730398,16.251286776755418,0,7551.289298657537,0.0,0,nan,nan,nan,1.0
135,16.251286776755418,16.311476727780438,16.371666678805457,0,7607.4327135172325,0.0,0,nan,nan,nan,1.0
136,16.371666678805457,16.43185662983048,16.492046580855497,0,7663.576128377339,0.0,0,nan,nan,nan,1.0
137,16.492046580855497,16.552236531880517,16.61242648290554,0,7719.719543237172,0.0,0,nan,nan,nan,1.0
138,16.61242648290554,16.672616433930557,16.73280638495558,0,7775.862958097142,0.0,0,nan,nan,nan,1.0
139,16.73280638495558,16.7929963359806,16.853186287005617,0,7832.006372956906,0.0,0,nan,nan,nan,1.0
140,16.853186287005617,16.91337623803064,16.97356618905566,0,7888.149787816874,0.0,0,nan,nan,nan,1.0
141,16.97356618905566,17.03375614008068,17.0939460911057,0,7944.293202676844,0.0,0,nan,nan,nan,1.0
142,17.0939460911057,17.15413604213072,17.21432599315574,0,8000.436617536745,0.0,0,nan,nan,nan,1.0
143,17.21432599315574,17.27451594418076,17.33470589520578,0,8056.580032396646,0.0,0,nan,nan,nan,1.0
144,17.33470589520578,17.3948958462308,17.45508579725582,0,8112.723447256479,0.0,0,nan,nan,nan,1.0
145,17.45508579725582,17.51527574828084,17.57546569930586,0,8168.866862116448,0.0,0,nan,nan,nan,1.0
146,17.57546569930586,17.635655650330882,17.6958456013559,0,8225.01027697635,0.0,0,nan,nan,nan,1.0
147,17.6958456013559,17.75603555238092,17.816225503405942,0,8281.153691836318,0.0,0,nan,nan,nan,1.0
148,17.816225503405942,17.87641545443096,17.936605405455982,0,8337.29710669622,0.0,0,nan,nan,nan,1.0
149,17.936605405455982,17.996795356480998,18.056985307506018,0,8393.440521555845,0.0,0,nan,nan,nan,1.0
150,18.056985307506018,18.11717525853104,18.17736520955606,0,8449.583936416228,0.0,0,nan,nan,nan,1.0
151,18.17736520955606,18.23755516058108,18.2977451116061,0,8505.727351275784,0.0,0,nan,nan,nan,1.0
152,18.2977451116061,18.35793506263112,18.41812501365614,0,8561.870766135617,0.0,0,nan,nan,nan,1.0
153,18.41812501365614,18.47831496468116,18.53850491570618,0,8618.01418099586,0.0,0,nan,nan,nan,1.0
154,18.53850491570618,18.5986948667312,18.65888481775622,0,8674.157595855419,0.0,0,nan,nan,nan,1.0
155,18.65888481775622,18.71907476878124,18.779264719806264,0,8730.3010107158,0.0,0,nan,nan,nan,1.0
156,18.779264719806264,18.83945467083128,18.8996446218563,0,8786.44442557522,0.0,0,nan,nan,nan,1.0
157,18.8996446218563,18.959834572881324,19.02002452390634,0,8842.58784043519,0.0,0,nan,nan,nan,1.0
158,19.02002452390634,19.08021447493136,19.140404425956383,0,8898.731255295434,0.0,0,nan,nan,nan,1.0
159,19.140404425956383,19.2005943769814,19.260784328006423,0,8954.874670154992,0.0,0,nan,nan,nan,1.0
160,19.260784328006423,19.320974279031443,19.381164230056463,0,9011.018085015237,0.0,0,nan,nan,nan,1.0
161,19.381164230056463,19.441354181081483,19.501544132106503,0,9067.161499874794,0.0,0,nan,nan,nan,1.0
162,19.501544132106503,19.561734083131523,19.621924034156542,0,9123.304914734765,0.0,0,nan,nan,nan,1.0
163,19.621924034156542,19.682113985181562,19.742303936206582,0,9179.448329595009,0.0,0,nan,nan,nan,1.0
164,19.742303936206582,19.802493887231602,19.862683838256622,0,9235.591744454428,0.0,0,nan,nan,nan,1.0
165,19.862683838256622,19.922873789281642,19.98306374030666,0,9291.735159314536,0.0,0,nan,nan,nan,1.0
166,19.98306374030666,20.04325369133168,20.1034436423567,0,9347.878574174643,0.0,0,nan,nan,nan,1.0
167,20.1034436423567,20.163633593381725,20.22382354440674,0,9404.021989034201,0.0,0,nan,nan,nan,1.0
168,20.22382354440674,20.284013495431765,20.344203446456785,0,9460.165403894582,0.0,0,nan,nan,nan,1.0
169,20.344203446456785,20.4043933974818,20.464583348506824,0,9516.308818754002,0.0,0,nan,nan,nan,1.0
170,20.464583348506824,20.524773299531844,20.58496325055686,0,9572.45223361397,0.0,0,nan,nan,nan,1.0
171,20.58496325055686,20.645153201581884,20.705343152606904,0,9628.595648474216,0.0,0,nan,nan,nan,1.0
172,20.705343152606904,20.765533103631924,20.825723054656944,0,9684.739063333775,0.0,0,nan,nan,nan,1.0
173,20.825723054656944,20.885913005681964,20.946102956706984,0,9740.88247819402,0.0,0,nan,nan,nan,1.0
174,20.946102956706984,21.006292907732004,21.066482858757023,0,9797.025893053713,0.0,0,nan,nan,nan,1.0
175,21.066482858757023,21.126672809782043,21.186862760807063,0,9853.169307913407,0.0,0,nan,nan,nan,1.0
176,21.186862760807063,21.247052711832083,21.307242662857107,0,9909.31272277379,0.0,0,nan,nan,nan,1.0
177,21.307242662857107,21.367432613882126,21.427622564907143,0,9965.456137633346,0.0,0,nan,nan,nan,1.0
178,21.427622564907143,21.487812515932166,21.548002466957186,0,10021.599552493593,0.0,0,nan,nan,nan,1.0
179,21.548002466957186,21.608192417982202,21.668382369007226,0,10077.742967353011,0.0,0,nan,nan,nan,1.0
180,21.668382369007226,21.728572320032246,21.788762271057262,0,10133.886382213119,0.0,0,nan,nan,nan,1.0
181,21.788762271057262,21.848952222082286,21.909142173107305,0,10190.029797073226,0.0,0,nan,nan,nan,1.0
182,21.909142173107305,21.969332124132325,22.029522075157345,0,10246.173211932919,0.0,0,nan,nan,nan,1.0
183,22.029522075157345,22.089712026182365,22.149901977207385,0,10302.316626793028,0.0,0,nan,nan,nan,1.0
184,22.149901977207385,22.210091928232405,22.270281879257425,0,10358.460041652723,0.0,0,nan,nan,nan,1.0
185,22.270281879257425,22.33047183028245,22.390661781307465,0,10414.603456512554,0.0,0,nan,nan,nan,1.0
186,22.390661781307465,22.450851732332485,22.511041683357508,0,10470.7468713728,0.0,0,nan,nan,nan,1.0
187,22.511041683357508,22.571231634382524,22.631421585407544,0,10526.890286232358,0.0,0,nan,nan,nan,1.0
188,22.631421585407544,22.691611536432568,22.751801487457588,0,10583.033701092738,0.0,0,nan,nan,nan,1.0
189,22.751801487457588,22.811991438482604,22.872181389507627,0,10639.17711595216,0.0,0,nan,nan,nan,1.0
190,22.872181389507627,22.932371340532647,22.992561291557664,0,10695.320530812127,0.0,0,nan,nan,nan,1.0
191,22.992561291557664,23.052751242582687,23.112941193607707,0,10751.463945672373,0.0,0,nan,nan,nan,1.0
192,23.112941193607707,23.173131144632723,23.233321095657747,0,10807.60736053193,0.0,0,nan,nan,nan,1.0
193,23.233321095657747,23.293511046682767,23.35370099770779,0,10863.750775392175,0.0,0,nan,nan,nan,1.0
194,23.35370099770779,23.413890948732806,23.474080899757826,0,10919.894190251733,0.0,0,nan,nan,nan,1.0
195,23.474080899757826,23.53427085078285,23.594460801807866,0,10976.037605111565,0.0,0,nan,nan,nan,1.0
196,23.594460801807866,23.654650752832886,23.71484070385791,0,11032.181019971946,0.0,0,nan,nan,nan,1.0
197,23.71484070385791,23.775030654882926,23.835220605907946,0,11088.324434831366,0.0,0,nan,nan,nan,1.0
198,23.835220605907946,23.89541055693297,23.95560050795799,0,11144.467849691748,0.0,0,nan,nan,nan,1.0
199,23.95560050795799,24.015790458983005,24.07598041000803,0,11200.611264551306,0.0,0,nan,nan,nan,1.0
200,24.07598041000803,24.13617036103305,24.196360312058065,0,11256.754679411137,0.0,0,nan,nan,nan,1.0
201,24.196360312058065,24.25655026308309,24.31674021410811,0,11312.898094271382,0.0,0,nan,nan,nan,1.0
202,24.31674021410811,24.376930165133125,24.437120116158148,0,11369.041509131077,0.0,0,nan,nan,nan,1.0
203,24.437120116158148,24.497310067183168,24.557500018208184,0,11425.184923990771,0.0,0,nan,nan,nan,1.0
204,24.557500018208184,24.617689969233208,24.677879920258228,0,11481.328338851292,0.0,0,nan,nan,nan,1.0
205,24.677879920258228,24.73806987128325,24.798259822308268,0,11537.471753710573,0.0,0,nan,nan,nan,1.0
206,24.798259822308268,24.858449773333287,24.91863972435831,0,11593.615168571094,0.0,0,nan,nan,nan,1.0
207,24.91863972435831,24.978829675383327,25.039019626408347,0,11649.758583430375,0.0,0,nan,nan,nan,1.0
208,25.039019626408347,25.09920957743337,25.159399528458387,0,11705.901998290483,0.0,0,nan,nan,nan,1.0
209,25.159399528458387,25.219589479483407,25.27977943050843,0,11762.045413150729,0.0,0,nan,nan,nan,1.0
210,25.27977943050843,25.33996938153345,25.400159332558466,0,11818.188828010285,0.0,0,nan,nan,nan,1.0
211,25.400159332558466,25.46034928358349,25.52053923460851,0,11874.332242870529,0.0,0,nan,nan,nan,1.0
212,25.52053923460851,25.580729185633526,25.64091913665855,0,11930.475657729949,0.0,0,nan,nan,nan,1.0
213,25.64091913665855,25.70110908768357,25.761299038708586,0,11986.61907258992,0.0,0,nan,nan,nan,1.0
214,25.761299038708586,25.82148898973361,25.88167894075863,0,12042.762487450162,0.0,0,nan,nan,nan,1.0
215,25.88167894075863,25.941868891783653,26.00205884280867,0,12098.905902309858,0.0,0,nan,nan,nan,1.0
216,26.00205884280867,26.06224879383369,26.122438744858712,0,12155.049317170102,0.0,0,nan,nan,nan,1.0
217,26.122438744858712,26.18262869588373,26.24281864690875,0,12211.192732029522,0.0,0,nan,nan,nan,1.0
218,26.24281864690875,26.303008597933772,26.36319854895879,0,12267.336146889493,0.0,0,nan,nan,nan,1.0
219,26.36319854895879,26.42338849998381,26.48357845100883,0,12323.479561749738,0.0,0,nan,nan,nan,1.0
220,26.48357845100883,26.543768402033848,26.603958353058868,0,12379.622976609431,0.0,0,nan,nan,nan,1.0
221,26.603958353058868,26.66414830408389,26.72433825510891,0,12435.766391469402,0.0,0,nan,nan,nan,1.0
222,26.72433825510891,26.784528206133928,26.84471815715895,0,12491.909806329097,0.0,0,nan,nan,nan,1.0
223,26.84471815715895,26.90490810818397,26.96509805920899,0,12548.053221189068,0.0,0,nan,nan,nan,1.0
224,26.96509805920899,27.02528801023401,27.08547796125903,0,12604.19663604931,0.0,0,nan,nan,nan,1.0
225,27.08547796125903,27.14566791228405,27.20585786330907,0,12660.34005090873,0.0,0,nan,nan,nan,1.0
226,27.20585786330907,27.26604781433409,27.326237765359114,0,12716.483465769248,0.0,0,nan,nan,nan,1.0
227,27.326237765359114,27.38642771638413,27.44661766740915,0,12772.62688062867,0.0,0,nan,nan,nan,1.0
228,27.44661766740915,27.506807618434173,27.56699756945919,0,12828.770295488363,0.0,0,nan,nan,nan,1.0
229,27.56699756945919,27.62718752048421,27.687377471509233,0,12884.913710348885,0.0,0,nan,nan,nan,1.0
230,27.687377471509233,27.74756742253425,27.80775737355927,0,12941.057125208303,0.0,0,nan,nan,nan,1.0
231,27.80775737355927,27.867947324584293,27.928137275609313,0,12997.200540068823,0.0,0,nan,nan,nan,1.0
232,27.928137275609313,27.988327226634333,28.048517177659352,0,13053.343954928241,0.0,0,nan,nan,nan,1.0
233,28.048517177659352,28.108707128684372,28.168897079709392,0,13109.487369787937,0.0,0,nan,nan,nan,1.0
234,28.168897079709392,28.229087030734412,28.289276981759432,0,13165.630784648456,0.0,0,nan,nan,nan,1.0
235,28.289276981759432,28.349466932784452,28.409656883809472,0,13221.774199507878,0.0,0,nan,nan,nan,1.0
236,28.409656883809472,28.46984683483449,28.530036785859515,0,13277.917614368122,0.0,0,nan,nan,nan,1.0
237,28.530036785859515,28.59022673688453,28.65041668790955,0,13334.061029227816,0.0,0,nan,nan,nan,1.0
238,28.65041668790955,28.710606638934575,28.77079658995959,0,13390.20444408751,0.0,0,nan,nan,nan,1.0
239,28.77079658995959,28.83098654098461,28.891176492009635,0,13446.347858948031,0.0,0,nan,nan,nan,1.0
240,28.891176492009635,28.95136644303465,29.011556394059674,0,13502.491273807449,0.0,0,nan,nan,nan,1.0
241,29.011556394059674,29.071746345084694,29.13193629610971,0,13558.634688667147,0.0,0,nan,nan,nan,1.0
242,29.13193629610971,29.192126247134734,29.252316198159754,0,13614.778103527664,0.0,0,nan,nan,nan,1.0
243,29.252316198159754,29.312506149184774,29.372696100209794,0,13670.921518387086,0.0,0,nan,nan,nan,1.0
244,29.372696100209794,29.432886051234814,29.493076002259834,0,13727.064933247604,0.0,0,nan,nan,nan,1.0
245,29.493076002259834,29.553265953284853,29.613455904309873,0,13783.208348107024,0.0,0,nan,nan,nan,1.0
246,29.613455904309873,29.673645855334893,29.733835806359913,0,13839.351762966719,0.0,0,nan,nan,nan,1.0
247,29.733835806359913,29.794025757384933,29.854215708409953,0,13895.495177827237,0.0,0,nan,nan,nan,1.0
248,29.854215708409953,29.914405659434976,29.974595610459993,0,13951.638592686657,0.0,0,nan,nan,nan,1.0
249,29.974595610459993,30.034785561485016,30.094975512510036,0,14007.782007546904,0.0,0,nan,nan,nan,1.0
250,30.094975512510036,30.155165463535052,30.215355414560076,0,14063.925422406597,0.0,0,nan,nan,nan,1.0
251,30.215355414560076,30.275545365585096,30.335735316610112,0,14120.068837266293,0.0,0,nan,nan,nan,1.0
252,30.335735316610112,30.395925267635135,30.456115218660155,0,14176.212252126812,0.0,0,nan,nan,nan,1.0
253,30.456115218660155,30.516305169685175,30.576495120710195,0,14232.355666986232,0.0,0,nan,nan,nan,1.0
254,30.576495120710195,30.636685071735215,30.696875022760235,0,14288.499081846476,0.0,0,nan,nan,nan,1.0
255,30.696875022760235,30.757064973785255,30.817254924810275,0,14344.642496705897,0.0,0,nan,nan,nan,1.0
256,30.817254924810275,30.877444875835295,30.937634826860315,0,14400.785911565865,0.0,0,nan,nan,nan,1.0
257,30.937634826860315,30.997824777885334,31.058014728910354,0,14456.929326426383,0.0,0,nan,nan,nan,1.0
258,31.058014728910354,31.118204679935374,31.178394630960394,0,14513.072741285805,0.0,0,nan,nan,nan,1.0
259,31.178394630960394,31.238584581985418,31.298774533010437,0,14569.216156146049,0.0,0,nan,nan,nan,1.0
260,31.298774533010437,31.358964484035454,31.419154435060477,0,14625.35957100547,0.0,0,nan,nan,nan,1.0
261,31.419154435060477,31.479344386085497,31.539534337110513,0,14681.50298586544,0.0,0,nan,nan,nan,1.0
262,31.539534337110513,31.599724288135537,31.659914239160557,0,14737.64640072596,0.0,0,nan,nan,nan,1.0
263,31.659914239160557,31.720104190185573,31.780294141210597,0,14793.789815585103,0.0,0,nan,nan,nan,1.0
264,31.780294141210597,31.840484092235616,31.900674043260636,0,14849.933230445624,0.0,0,nan,nan,nan,1.0
265,31.900674043260636,31.960863994285656,32.021053945310676,0,14906.076645305044,0.0,0,nan,nan,nan,1.0
266,32.021053945310676,32.0812438963357,32.141433847360716,0,14962.220060165015,0.0,0,nan,nan,nan,1.0
267,32.141433847360716,32.20162379838574,32.261813749410756,0,15018.363475025259,0.0,0,nan,nan,nan,1.0
268,32.261813749410756,32.32200370043577,32.382193651460796,0,15074.506889884951,0.0,0,nan,nan,nan,1.0
269,32.382193651460796,32.44238360248582,32.502573553510835,0,15130.650304745197,0.0,0,nan,nan,nan,1.0
270,32.502573553510835,32.56276350453586,32.622953455560875,0,15186.793719604617,0.0,0,nan,nan,nan,1.0
271,32.622953455560875,32.6831434065859,32.743333357610915,0,15242.937134464313,0.0,0,nan,nan,nan,1.0
272,32.743333357610915,32.80352330863594,32.86371325966096,0,15299.08054932483,0.0,0,nan,nan,nan,1.0
273,32.86371325966096,32.92390321068598,32.984093161710994,0,15355.223964184528,0.0,0,nan,nan,nan,1.0
274,32.984093161710994,33.04428311273602,33.104473063761034,0,15411.36737904422,0.0,0,nan,nan,nan,1.0
275,33.104473063761034,33.16466301478606,33.22485296581108,0,15467.510793904466,0.0,0,nan,nan,nan,1.0
276,33.22485296581108,33.2850429168361,33.345232867861114,0,15523.654208764161,0.0,0,nan,nan,nan,1.0
277,33.345232867861114,33.40542281888614,33.46561276991116,0,15579.797623624407,0.0,0,nan,nan,nan,1.0
278,33.46561276991116,33.52580272093618,33.5859926719612,0,15635.941038483823,0.0,0,nan,nan,nan,1.0
279,33.5859926719612,33.64618262298622,33.70637257401123,0,15692.084453343794,0.0,0,nan,nan,nan,1.0
280,33.70637257401123,33.76656252503626,33.82675247606128,0,15748.22786820404,0.0,0,nan,nan,nan,1.0
281,33.82675247606128,33.886942427086304,33.94713237811132,0,15804.37128306346,0.0,0,nan,nan,nan,1.0
282,33.94713237811132,34.007322329136336,34.06751228016136,0,15860.514697923976,0.0,0,nan,nan,nan,1.0
283,34.06751228016136,34.127702231186376,34.1878921822114,0,15916.658112783398,0.0,0,nan,nan,nan,1.0
284,34.1878921822114,34.24808213323642,34.30827208426144,0,15972.801527643367,0.0,0,nan,nan,nan,1.0
285,34.30827208426144,34.368462035286456,34.42865198631148,0,16028.94494250361,0.0,0,nan,nan,nan,1.0
286,34.42865198631148,34.4888419373365,34.54903188836152,0,16085.08835736331,0.0,0,nan,nan,nan,1.0
287,34.54903188836152,34.60922183938654,34.66941179041156,0,16141.231772223275,0.0,0,nan,nan,nan,1.0
288,34.66941179041156,34.729601741436575,34.7897916924616,0,16197.375187082971,0.0,0,nan,nan,nan,1.0
289,34.7897916924616,34.84998164348662,34.91017159451164,0,16253.518601942942,0.0,0,nan,nan,nan,1.0
290,34.91017159451164,34.97036154553666,35.03055149656168,0,16309.662016803186,0.0,0,nan,nan,nan,1.0
291,35.03055149656168,35.0907414475867,35.15093139861172,0,16365.805431662608,0.0,0,nan,nan,nan,1.0
292,35.15093139861172,35.21112134963674,35.271311300661765,0,16421.948846523122,0.0,0,nan,nan,nan,1.0
293,35.271311300661765,35.33150125168678,35.3916912027118,0,16478.09226138227,0.0,0,nan,nan,nan,1.0
294,35.3916912027118,35.45188115373682,35.51207110476184,0,16534.235676242515,0.0,0,nan,nan,nan,1.0
295,35.51207110476184,35.57226105578686,35.632451006811884,0,16590.379091102757,0.0,0,nan,nan,nan,1.0
296,35.632451006811884,35.6926409578369,35.75283090886192,0,16646.522505962177,0.0,0,nan,nan,nan,1.0
297,35.75283090886192,35.81302085988694,35.873210810911964,0,16702.665920822696,0.0,0,nan,nan,nan,1.0
298,35.873210810911964,35.93340076193698,35.993590712961996,0,16758.809335681293,0.0,0,nan,nan,nan,1.0
299,35.993590712961996,36.05378066398702,36.113970615012036,0,16814.95275054209,0.0,0,nan,nan,nan,1.0
300,36.113970615012036,36.17416056603707,36.23435051706208,0,16871.096165402334,0.0,0,nan,nan,nan,1.0
301,36.23435051706208,36.2945404680871,36.35473041911212,0,16927.239580262576,0.0,0,nan,nan,nan,1.0
302,36.35473041911212,36.41492037013714,36.47511032116216,0,16983.382995120624,0.0,0,nan,nan,nan,1.0
303,36.47511032116216,36.535300272187186,36.5954902232122,0,17039.526409982514,0.0,0,nan,nan,nan,1.0
304,36.5954902232122,36.65568017423722,36.71587012526224,0,17095.66982484166,0.0,0,nan,nan,nan,1.0
305,36.71587012526224,36.77606007628726,36.83625002731228,0,17151.81323970081,0.0,0,nan,nan,nan,1.0
306,36.83625002731228,36.896439978337305,36.95662992936232,0,17207.956654561604,0.0,0,nan,nan,nan,1.0
307,36.95662992936232,37.01681988038734,37.07700983141236,0,17264.100069421846,0.0,0,nan,nan,nan,1.0
308,37.07700983141236,37.13719978243738,37.1973897334624,0,17320.243484280443,0.0,0,nan,nan,nan,1.0
309,37.1973897334624,37.257579684487425,37.31776963551244,0,17376.386899141235,0.0,0,nan,nan,nan,1.0
310,37.31776963551244,37.377959586537465,37.43814953756248,0,17432.53031400148,0.0,0,nan,nan,nan,1.0
311,37.43814953756248,37.498339488587504,37.55852943961253,0,17488.673728861722,0.0,0,nan,nan,nan,1.0
312,37.55852943961253,37.618719390637544,37.67890934166256,0,17544.81714371977,0.0,0,nan,nan,nan,1.0
313,37.67890934166256,37.739099292687584,37.7992892437126,0,17600.960558581115,0.0,0,nan,nan,nan,1.0
314,37.7992892437126,37.859479194737624,37.91966914576265,0,17657.103973441357,0.0,0,nan,nan,nan,1.0
315,37.91966914576265,37.97985909678766,38.04004904781268,0,17713.247388299405,0.0,0,nan,nan,nan,1.0
316,38.04004904781268,38.1002389988377,38.16042894986272,0,17769.39080316075,0.0,0,nan,nan,nan,1.0
317,38.16042894986272,38.22061890088774,38.28080885191277,0,17825.534218020992,0.0,0,nan,nan,nan,1.0
318,38.28080885191277,38.34099880293778,38.4011887539628,0,17881.67763287959,0.0,0,nan,nan,nan,1.0
319,38.4011887539628,38.46137870498782,38.521568656012846,0,17937.82104774038,0.0,0,nan,nan,nan,1.0
320,38.521568656012846,38.58175860703786,38.641948558062886,0,17993.964462600627,0.0,0,nan,nan,nan,1.0
321,38.641948558062886,38.7021385090879,38.762328460112926,0,18050.10787746032,0.0,0,nan,nan,nan,1.0
322,38.762328460112926,38.82251841113794,38.882708362162965,0,18106.251292318917,0.0,0,nan,nan,nan,1.0
323,38.882708362162965,38.94289831318799,39.003088264213005,0,18162.39470718026,0.0,0,nan,nan,nan,1.0
324,39.003088264213005,39.06327821523802,39.123468166263045,0,18218.538122040507,0.0,0,nan,nan,nan,1.0
325,39.123468166263045,39.18365811728806,39.243848068313085,0,18274.68153689855,0.0,0,nan,nan,nan,1.0
326,39.243848068313085,39.30403801933811,39.364227970363125,0,18330.824951759896,0.0,0,nan,nan,nan,1.0
327,39.364227970363125,39.42441792138814,39.484607872413164,0,18386.968366620138,0.0,0,nan,nan,nan,1.0
328,39.484607872413164,39.54479782343819,39.604987774463204,0,18443.111781478186,0.0,0,nan,nan,nan,1.0
329,39.604987774463204,39.66517772548823,39.725367676513244,0,18499.25519633953,0.0,0,nan,nan,nan,1.0
330,39.725367676513244,39.78555762753826,39.845747578563284,0,18555.398611199776,0.0,0,nan,nan,nan,1.0
331,39.845747578563284,39.90593752958831,39.96612748061332,0,18611.54202605837,0.0,0,nan,nan,nan,1.0
332,39.96612748061332,40.02631743163835,40.08650738266336,0,18667.685440919162,0.0,0,nan,nan,nan,1.0
333,40.08650738266336,40.14669733368839,40.2068872847134,0,18723.828855779408,0.0,0,nan,nan,nan,1.0
334,40.2068872847134,40.26707723573843,40.32726718676345,0,18779.9722706391,0.0,0,nan,nan,nan,1.0
335,40.32726718676345,40.387457137788466,40.44764708881348,0,18836.115685497698,0.0,0,nan,nan,nan,1.0
336,40.44764708881348,40.507837039838506,40.56802699086353,0,18892.259100359042,0.0,0,nan,nan,nan,1.0
337,40.56802699086353,40.628216941888546,40.68840689291357,0,18948.402515219284,0.0,0,nan,nan,nan,1.0
338,40.68840689291357,40.748596843938586,40.8087867949636,0,19004.545930077333,0.0,0,nan,nan,nan,1.0
339,40.8087867949636,40.868976745988626,40.92916669701365,0,19060.689344938677,0.0,0,nan,nan,nan,1.0
340,40.92916669701365,40.989356648038665,41.04954659906369,0,19116.83275979892,0.0,0,nan,nan,nan,1.0
341,41.04954659906369,41.109736550088705,41.16992650111372,0,19172.976174656967,0.0,0,nan,nan,nan,1.0
342,41.16992650111372,41.230116452138745,41.29030640316377,0,19229.11958951831,0.0,0,nan,nan,nan,1.0
343,41.29030640316377,41.35049635418879,41.41068630521381,0,19285.263004378554,0.0,0,nan,nan,nan,1.0
344,41.41068630521381,41.470876256238824,41.53106620726385,0,19341.406419238247,0.0,0,nan,nan,nan,1.0
345,41.53106620726385,41.59125615828887,41.65144610931389,0,19397.549834096848,0.0,0,nan,nan,nan,1.0
346,41.65144610931389,41.71163606033891,41.77182601136393,0,19453.69324895819,0.0,0,nan,nan,nan,1.0
347,41.77182601136393,41.832015962388944,41.89220591341397,0,19509.83666381788,0.0,0,nan,nan,nan,1.0
348,41.89220591341397,41.95239586443899,42.01258581546401,0,19565.98007867703,0.0,0,nan,nan,nan,1.0
349,42.01258581546401,42.07277576648903,42.13296571751405,0,19622.123493537823,0.0,0,nan,nan,nan,1.0
350,42.13296571751405,42.19315566853906,42.25334561956409,0,19678.266908397516,0.0,0,nan,nan,nan,1.0
351,42.25334561956409,42.31353557058911,42.373725521614126,0,19734.410323256114,0.0,0,nan,nan,nan,1.0
352,42.373725521614126,42.43391547263915,42.494105423664166,0,19790.553738117458,0.0,0,nan,nan,nan,1.0
353,42.494105423664166,42.55429537468918,42.61448532571421,0,19846.6971529777,0.0,0,nan,nan,nan,1.0
354,42.61448532571421,42.67467527673923,42.73486522776425,0,19902.840567837393,0.0,0,nan,nan,nan,1.0
