pulsar,x_pc,y_pc,z_pc,aGal_1e10_m_s2,aGal_err_1e10_m_s2,model_outlier_ge3sigma,modified_catalog_excluded,source,doi,sun_R_kpc,sun_z_kpc,distance_from_assumed_sun_kpc,a_moran_linear_pred_1e10,a_mcmillan_baryon_pred_1e10,a_mcmillan_total_pred_1e10,resid_moran_linear_1e10,resid_baryon_1e10,resid_total_1e10,zresid_baryon,zresid_total
B1259-63,6661.5,-2150.5,-27.9,391.0,196.0,0,1,Moran et al. 2024 Phys Rev D 109 123015,10.1103/PhysRevD.109.123015,8.21,0.0208,2.650447922521777,0.35220544669740855,-0.2530877208115333,-0.4890748183030428,390.6477945533026,391.25308772081155,391.48907481830304,1.996189223065365,1.997393238868893
B1534+12,7532.5,212.1,721.6,0.106,0.313,0,0,Moran et al. 2024 Phys Rev D 109 123015,10.1103/PhysRevD.109.123015,8.21,0.0208,0.9975536577046878,-0.16517608774963546,-0.3436976299577275,-0.39388105082865627,0.2711760877496355,0.4496976299577275,0.49988105082865625,1.4367336420374681,1.5970640601554513
B1913+16,5486.2,3137.1,165.9,-4.74,0.15,1,0,Moran et al. 2024 Phys Rev D 109 123015,10.1103/PhysRevD.109.123015,8.21,0.0208,4.157106789583352,0.6924782187008772,-0.4870727612236981,-0.8911460832281356,-5.4324782187008775,-4.252927238776302,-3.8488539167718647,-28.352848258508683,-25.659026111812434
J0348+0432,9403.9,-74.6,-933.8,-5.4,18.2,0,1,Moran et al. 2024 Phys Rev D 109 123015,10.1103/PhysRevD.109.123015,8.21,0.0208,1.5304324650241834,-0.053565186294388466,-0.017516754880578623,-0.027507937284692394,-5.346434813705612,-5.382483245119421,-5.372492062715308,-0.2957408376439243,-0.29519187157776416
J0437-4715,8155.4,-111.16,-83.4,-0.122,0.164,0,0,Moran et al. 2024 Phys Rev D 109 123015,10.1103/PhysRevD.109.123015,8.21,0.0208,0.16184976243417865,-0.0397757494554128,-0.12475342404180643,-0.14007279427060101,-0.08222425054458721,0.0027534240418064376,0.018072794270601017,0.016789170986624618,0.11019996506464035
J0613-0200,9067.1,-554.5,-156.3,-0.141,0.532,0,0,Moran et al. 2024 Phys Rev D 109 123015,10.1103/PhysRevD.109.123015,8.21,0.0208,1.0360767683912222,0.25533520388723413,0.07726466613336343,0.07866553404743012,-0.3963352038872341,-0.21826466613336343,-0.2196655340474301,-0.41027192882211166,-0.4129051391868987
J0737-3039A/B,8429.1,-665.3,-36.1,-1.54,11.3,0,0,Moran et al. 2024 Phys Rev D 109 123015,10.1103/PhysRevD.109.123015,8.21,0.0208,0.7027563660330653,0.023415723706479537,-0.07867522522879188,-0.1421077954247142,-1.5634157237064796,-1.4613247747712081,-1.3978922045752857,-0.1293207765284255,-0.12370727474117572
J0740+6620,8984.1,504.0,591.0,0.14,1.91,0,0,Moran et al. 2024 Phys Rev D 109 123015,10.1103/PhysRevD.109.123015,8.21,0.0208,1.085529755465044,0.005628945562511757,-0.050271977795719305,-0.07462519350872715,0.13437105443748826,0.1902719777957193,0.21462519350872716,0.09961883654226142,0.1123692112611137
J0751+1807,9325.5,-504.7,527.6,-0.8,2.9,0,0,Moran et al. 2024 Phys Rev D 109 123015,10.1103/PhysRevD.109.123015,8.21,0.0208,1.3251070069998112,0.23054766738550853,0.08710137989901033,0.09525970582851098,-1.0305476673855085,-0.8871013798990104,-0.895259705828511,-0.3058970275513829,-0.3087102433891417
J1012+5307,8622.6,179.4,677.4,0.224,0.685,0,0,Moran et al. 2024 Phys Rev D 109 123015,10.1103/PhysRevD.109.123015,8.21,0.0208,0.7959564560954321,-0.29573649889684084,-0.240052071828137,-0.2884154846961084,0.5197364988968408,0.464052071828137,0.5124154846961084,0.6774482800410759,0.7480518024760706
J1017-7156,7620.6,-1270.9,-284.8,1.09,1.71,0,0,Moran et al. 2024 Phys Rev D 109 123015,10.1103/PhysRevD.109.123015,8.21,0.0208,1.4338655899351238,0.04889514672234537,-0.2522674908704227,-0.39283746868349173,1.0411048532776548,1.3422674908704229,1.4828374686834918,0.7849517490470309,0.8671564144347905
J1022+1001,8450.4,-419.4,683.2,-0.643,0.32,0,0,Moran et al. 2024 Phys Rev D 109 123015,10.1103/PhysRevD.109.123015,8.21,0.0208,0.8200379747304387,-0.34706037814109053,-0.3146054081373901,-0.38926356611364127,-0.2959396218589095,-0.32839459186260994,-0.25373643388635875,-1.0262330995706561,-0.792926355894871
J1125-6014,7547.9,-1385.6,42.7,-0.43,1.75,0,0,Moran et al. 2024 Phys Rev D 109 123015,10.1103/PhysRevD.109.123015,8.21,0.0208,1.5358201001419411,0.11110095048517139,-0.178474729283685,-0.3273253920238731,-0.5411009504851714,-0.25152527071631503,-0.10267460797612687,-0.1437287261236086,-0.05867120455778679
J1455-3330,7509.1,-343.2,310.8,1.72,1.01,0,0,Moran et al. 2024 Phys Rev D 109 123015,10.1103/PhysRevD.109.123015,8.21,0.0208,0.8325545327484567,0.15941504211364393,-0.04514178917135567,-0.050401737890174755,1.560584957886356,1.7651417891713557,1.7704017378901746,1.7476651377934214,1.752873007812054
J1600-3053,6838.9,-365.4,411.2,0.708,0.242,0,0,Moran et al. 2024 Phys Rev D 109 123015,10.1103/PhysRevD.109.123015,8.21,0.0208,1.4716808519512656,0.42568904737013386,0.10442216697121999,0.13361053906936143,0.2823109526298661,0.60357783302878,0.5743894609306386,2.4941232769784296,2.37351016913487
J1603-7202,7749.3,-352.4,-112.8,0.815,0.252,0,0,Moran et al. 2024 Phys Rev D 109 123015,10.1103/PhysRevD.109.123015,8.21,0.0208,0.5952135835143557,0.11807707526605074,-0.014793169612636334,-0.028237227211800404,0.6969229247339492,0.8297931696126363,0.8432372272118004,3.292830038145382,3.3461794730627
J1614-2230,7479.1,-83.0,257.3,0.984,0.653,0,0,Moran et al. 2024 Phys Rev D 109 123015,10.1103/PhysRevD.109.123015,8.21,0.0208,0.7726810855715314,0.21896640678715965,0.03639366443216745,0.05733728933123845,0.7650335932128404,0.9476063355678326,0.9266627106687615,1.4511582474239395,1.4190853149598184
J1640+2224,7480.8,556.8,688.1,0.833,0.448,0,0,Moran et al. 2024 Phys Rev D 109 123015,10.1103/PhysRevD.109.123015,8.21,0.0208,1.1344814542336075,-0.09195987559838698,-0.31636613458047247,-0.3840657686763379,0.924959875598387,1.1493661345804724,1.217065768676338,2.5655494075456975,2.7166646622239687
J1713+0747,7081.5,570.0,576.4,-0.275,0.052,1,0,Moran et al. 2024 Phys Rev D 109 123015,10.1103/PhysRevD.109.123015,8.21,0.0208,1.3809792214222492,0.20317889012915755,-0.1252253797744505,-0.1508930363912235,-0.4781788901291576,-0.14977462022554952,-0.12410696360877652,-2.880281158183645,-2.3866723770918563
J1738+0333,6653.6,770.9,547.3,0.062,1.03,0,0,Moran et al. 2024 Phys Rev D 109 123015,10.1103/PhysRevD.109.123015,8.21,0.0208,1.8149022067318124,0.41362393886324156,-0.010434249777199344,-0.02808224636839884,-0.35162393886324156,0.07243424977719934,0.09008224636839884,0.07032451434679547,0.0874584916198047
J1741+1351,6799.8,1027.4,681.2,67.5,18.8,1,0,Moran et al. 2024 Phys Rev D 109 123015,10.1103/PhysRevD.109.123015,8.21,0.0208,1.8655677312818213,0.2520890856516196,-0.19278796053957886,-0.27089596170870983,67.24791091434838,67.69278796053958,67.7708959617087,3.6006802106669986,3.60483489158025
J1909-3744,7049.0,-5.0,-364.3,0.246,0.101,0,0,Moran et al. 2024 Phys Rev D 109 123015,10.1103/PhysRevD.109.123015,8.21,0.0208,1.223212168840713,0.3448933829687379,0.05735357513175382,0.09139323718185506,-0.0988933829687379,0.18864642486824618,0.15460676281814495,1.8677863848341205,1.5307600279024252
J1933-6211,7173.3,-454.6,-556.6,-1.27,0.425,1,0,Moran et al. 2024 Phys Rev D 109 123015,10.1103/PhysRevD.109.123015,8.21,0.0208,1.270747343101689,0.1461956667535082,-0.17723648584398513,-0.19916212367433583,-1.4161956667535083,-1.0927635141560148,-1.070837876325664,-2.571208268602388,-2.5196185325309743
J2043+1711,7396.6,1361.5,-403.6,323.0,194.0,0,0,Moran et al. 2024 Phys Rev D 109 123015,10.1103/PhysRevD.109.123015,8.21,0.0208,1.6417725695113805,0.08037098368580445,-0.2866823502688794,-0.4348171118360682,322.9196290163142,323.2866823502689,323.4348171118361,1.6664261976817984,1.66718977892699
J2129-5721,7720.0,-162.8,-393.8,7.14,0.7,1,0,Moran et al. 2024 Phys Rev D 109 123015,10.1103/PhysRevD.109.123015,8.21,0.0208,0.6621910600423424,-0.0402998675311219,-0.250766373293597,-0.27166107471544015,7.180299867531121,7.390766373293597,7.41166107471544,10.558237676133711,10.588087249593485
J2145-0750,7813.8,340.8,-395.5,-0.117,0.105,0,0,Moran et al. 2024 Phys Rev D 109 123015,10.1103/PhysRevD.109.123015,8.21,0.0208,0.6681502600463464,-0.08994077379515121,-0.2889494214921097,-0.3312768127641906,-0.027059226204848796,0.17194942149210973,0.21427681276419058,1.6376135380200927,2.0407315501351486
J2222-0137,8035.2,164.2,-172.5,-0.294,0.125,0,0,Moran et al. 2024 Phys Rev D 109 123015,10.1103/PhysRevD.109.123015,8.21,0.0208,0.3080285214067041,-0.046226100540863506,-0.1818024208710989,-0.20150339940830583,-0.24777389945913647,-0.11219757912890108,-0.09249660059169415,-0.8975806330312086,-0.7399728047335532
J2234+0611,7920.4,664.3,-627.7,-1.71,2.72,0,0,Moran et al. 2024 Phys Rev D 109 123015,10.1103/PhysRevD.109.123015,8.21,0.0208,0.9724787401275159,-0.2690835098006229,-0.4271326451427049,-0.5283932160224196,-1.4409164901993772,-1.282867354857295,-1.1816067839775803,-0.4716424098740055,-0.43441425881528684
J2339-0533,8025.1,657.9,-1256.5,23.2,15.7,0,1,Moran et al. 2024 Phys Rev D 109 123015,10.1103/PhysRevD.109.123015,8.21,0.0208,1.448625455388659,-0.7791616355361997,-0.5916011178430428,-0.7532063338291726,23.979161635536197,23.791601117843044,23.953206333829172,1.515388606232041,1.5256819320910302
